PRAGMA foreign_keys=OFF;
BEGIN TRANSACTION;
CREATE TABLE IF NOT EXISTS "Account" 
(
   "Account_id"         integer               not null,
   "branch_name"        text                  not null,
--   "balance"            real,
--   "open_date"          text,
   constraint PK_Account primary key ("Account_id")
--   constraint FK_ACCOUNT_OPEN_ACCO_BRANCH foreign key ("branch_name")
--      references "Branch" ("branch_name")
);
INSERT INTO Account VALUES(0,'North_Bank');
INSERT INTO Account VALUES(1,'North_Bank');
INSERT INTO Account VALUES(2,'West_Bank');
INSERT INTO Account VALUES(3,'West_Bank');
INSERT INTO Account VALUES(4,'East_Bank');
INSERT INTO Account VALUES(5,'West_Bank');
INSERT INTO Account VALUES(6,'North_Bank');
INSERT INTO Account VALUES(7,'West_Bank');
INSERT INTO Account VALUES(8,'South_Bank');
INSERT INTO Account VALUES(9,'South_Bank');
INSERT INTO Account VALUES(10,'West_Bank');
INSERT INTO Account VALUES(11,'East_Bank');
INSERT INTO Account VALUES(12,'West_Bank');
INSERT INTO Account VALUES(13,'East_Bank');
INSERT INTO Account VALUES(14,'South_Bank');
INSERT INTO Account VALUES(15,'South_Bank');
INSERT INTO Account VALUES(16,'East_Bank');
INSERT INTO Account VALUES(17,'South_Bank');
INSERT INTO Account VALUES(18,'East_Bank');
INSERT INTO Account VALUES(19,'North_Bank');
INSERT INTO Account VALUES(20,'North_Bank');
INSERT INTO Account VALUES(21,'South_Bank');
INSERT INTO Account VALUES(22,'West_Bank');
INSERT INTO Account VALUES(23,'South_Bank');
INSERT INTO Account VALUES(24,'North_Bank');
INSERT INTO Account VALUES(25,'East_Bank');
INSERT INTO Account VALUES(26,'West_Bank');
INSERT INTO Account VALUES(27,'South_Bank');
INSERT INTO Account VALUES(28,'North_Bank');
INSERT INTO Account VALUES(29,'North_Bank');
INSERT INTO Account VALUES(30,'West_Bank');
INSERT INTO Account VALUES(31,'East_Bank');
INSERT INTO Account VALUES(32,'South_Bank');
INSERT INTO Account VALUES(33,'West_Bank');
INSERT INTO Account VALUES(34,'South_Bank');
INSERT INTO Account VALUES(35,'East_Bank');
INSERT INTO Account VALUES(36,'North_Bank');
INSERT INTO Account VALUES(37,'South_Bank');
INSERT INTO Account VALUES(38,'West_Bank');
INSERT INTO Account VALUES(39,'North_Bank');
INSERT INTO Account VALUES(40,'West_Bank');
INSERT INTO Account VALUES(41,'North_Bank');
INSERT INTO Account VALUES(42,'West_Bank');
INSERT INTO Account VALUES(43,'West_Bank');
INSERT INTO Account VALUES(44,'East_Bank');
INSERT INTO Account VALUES(45,'South_Bank');
INSERT INTO Account VALUES(46,'South_Bank');
INSERT INTO Account VALUES(47,'North_Bank');
INSERT INTO Account VALUES(48,'West_Bank');
INSERT INTO Account VALUES(49,'North_Bank');
INSERT INTO Account VALUES(50,'East_Bank');
INSERT INTO Account VALUES(51,'North_Bank');
INSERT INTO Account VALUES(52,'South_Bank');
INSERT INTO Account VALUES(53,'West_Bank');
INSERT INTO Account VALUES(54,'West_Bank');
INSERT INTO Account VALUES(55,'West_Bank');
INSERT INTO Account VALUES(56,'East_Bank');
INSERT INTO Account VALUES(57,'West_Bank');
INSERT INTO Account VALUES(58,'North_Bank');
INSERT INTO Account VALUES(59,'North_Bank');
INSERT INTO Account VALUES(60,'North_Bank');
INSERT INTO Account VALUES(61,'East_Bank');
INSERT INTO Account VALUES(62,'East_Bank');
INSERT INTO Account VALUES(63,'East_Bank');
INSERT INTO Account VALUES(64,'South_Bank');
INSERT INTO Account VALUES(65,'North_Bank');
INSERT INTO Account VALUES(66,'South_Bank');
INSERT INTO Account VALUES(67,'East_Bank');
INSERT INTO Account VALUES(68,'West_Bank');
INSERT INTO Account VALUES(69,'North_Bank');
INSERT INTO Account VALUES(70,'West_Bank');
INSERT INTO Account VALUES(71,'South_Bank');
INSERT INTO Account VALUES(72,'South_Bank');
INSERT INTO Account VALUES(73,'South_Bank');
INSERT INTO Account VALUES(74,'East_Bank');
INSERT INTO Account VALUES(75,'South_Bank');
INSERT INTO Account VALUES(76,'East_Bank');
INSERT INTO Account VALUES(77,'North_Bank');
INSERT INTO Account VALUES(78,'West_Bank');
INSERT INTO Account VALUES(79,'South_Bank');
INSERT INTO Account VALUES(80,'East_Bank');
INSERT INTO Account VALUES(81,'East_Bank');
INSERT INTO Account VALUES(82,'West_Bank');
INSERT INTO Account VALUES(83,'West_Bank');
INSERT INTO Account VALUES(84,'South_Bank');
INSERT INTO Account VALUES(85,'East_Bank');
INSERT INTO Account VALUES(86,'North_Bank');
INSERT INTO Account VALUES(87,'South_Bank');
INSERT INTO Account VALUES(88,'North_Bank');
INSERT INTO Account VALUES(89,'South_Bank');
INSERT INTO Account VALUES(90,'East_Bank');
INSERT INTO Account VALUES(91,'East_Bank');
INSERT INTO Account VALUES(92,'South_Bank');
INSERT INTO Account VALUES(93,'East_Bank');
INSERT INTO Account VALUES(94,'North_Bank');
INSERT INTO Account VALUES(95,'West_Bank');
INSERT INTO Account VALUES(96,'South_Bank');
INSERT INTO Account VALUES(97,'North_Bank');
INSERT INTO Account VALUES(98,'East_Bank');
INSERT INTO Account VALUES(99,'South_Bank');
INSERT INTO Account VALUES(100,'South_Bank');
INSERT INTO Account VALUES(101,'East_Bank');
INSERT INTO Account VALUES(102,'North_Bank');
INSERT INTO Account VALUES(103,'South_Bank');
INSERT INTO Account VALUES(104,'North_Bank');
INSERT INTO Account VALUES(105,'North_Bank');
INSERT INTO Account VALUES(106,'South_Bank');
INSERT INTO Account VALUES(107,'East_Bank');
INSERT INTO Account VALUES(108,'East_Bank');
INSERT INTO Account VALUES(109,'North_Bank');
INSERT INTO Account VALUES(110,'East_Bank');
INSERT INTO Account VALUES(111,'West_Bank');
INSERT INTO Account VALUES(112,'West_Bank');
INSERT INTO Account VALUES(113,'North_Bank');
INSERT INTO Account VALUES(114,'South_Bank');
INSERT INTO Account VALUES(115,'West_Bank');
INSERT INTO Account VALUES(116,'North_Bank');
INSERT INTO Account VALUES(117,'East_Bank');
INSERT INTO Account VALUES(118,'South_Bank');
INSERT INTO Account VALUES(119,'South_Bank');
INSERT INTO Account VALUES(120,'West_Bank');
INSERT INTO Account VALUES(121,'North_Bank');
INSERT INTO Account VALUES(122,'South_Bank');
INSERT INTO Account VALUES(123,'West_Bank');
INSERT INTO Account VALUES(124,'South_Bank');
INSERT INTO Account VALUES(125,'South_Bank');
INSERT INTO Account VALUES(126,'West_Bank');
INSERT INTO Account VALUES(127,'South_Bank');
INSERT INTO Account VALUES(128,'East_Bank');
INSERT INTO Account VALUES(129,'West_Bank');
INSERT INTO Account VALUES(130,'South_Bank');
INSERT INTO Account VALUES(131,'North_Bank');
INSERT INTO Account VALUES(132,'North_Bank');
INSERT INTO Account VALUES(133,'West_Bank');
INSERT INTO Account VALUES(134,'West_Bank');
INSERT INTO Account VALUES(135,'East_Bank');
INSERT INTO Account VALUES(136,'South_Bank');
INSERT INTO Account VALUES(137,'North_Bank');
INSERT INTO Account VALUES(138,'East_Bank');
INSERT INTO Account VALUES(139,'East_Bank');
INSERT INTO Account VALUES(140,'East_Bank');
INSERT INTO Account VALUES(141,'South_Bank');
INSERT INTO Account VALUES(142,'South_Bank');
INSERT INTO Account VALUES(143,'East_Bank');
INSERT INTO Account VALUES(144,'West_Bank');
INSERT INTO Account VALUES(145,'West_Bank');
INSERT INTO Account VALUES(146,'East_Bank');
INSERT INTO Account VALUES(147,'North_Bank');
INSERT INTO Account VALUES(148,'East_Bank');
INSERT INTO Account VALUES(149,'North_Bank');
INSERT INTO Account VALUES(150,'West_Bank');
INSERT INTO Account VALUES(151,'East_Bank');
INSERT INTO Account VALUES(152,'East_Bank');
INSERT INTO Account VALUES(153,'South_Bank');
INSERT INTO Account VALUES(154,'South_Bank');
INSERT INTO Account VALUES(155,'North_Bank');
INSERT INTO Account VALUES(156,'South_Bank');
INSERT INTO Account VALUES(157,'East_Bank');
INSERT INTO Account VALUES(158,'East_Bank');
INSERT INTO Account VALUES(159,'South_Bank');
INSERT INTO Account VALUES(160,'North_Bank');
INSERT INTO Account VALUES(161,'South_Bank');
INSERT INTO Account VALUES(162,'East_Bank');
INSERT INTO Account VALUES(163,'South_Bank');
INSERT INTO Account VALUES(164,'West_Bank');
INSERT INTO Account VALUES(165,'North_Bank');
INSERT INTO Account VALUES(166,'East_Bank');
INSERT INTO Account VALUES(167,'East_Bank');
INSERT INTO Account VALUES(168,'West_Bank');
INSERT INTO Account VALUES(169,'South_Bank');
INSERT INTO Account VALUES(170,'East_Bank');
INSERT INTO Account VALUES(171,'West_Bank');
INSERT INTO Account VALUES(172,'East_Bank');
INSERT INTO Account VALUES(173,'North_Bank');
INSERT INTO Account VALUES(174,'East_Bank');
INSERT INTO Account VALUES(175,'East_Bank');
INSERT INTO Account VALUES(176,'South_Bank');
INSERT INTO Account VALUES(177,'North_Bank');
INSERT INTO Account VALUES(178,'West_Bank');
INSERT INTO Account VALUES(179,'West_Bank');
INSERT INTO Account VALUES(180,'West_Bank');
INSERT INTO Account VALUES(181,'East_Bank');
INSERT INTO Account VALUES(182,'West_Bank');
INSERT INTO Account VALUES(183,'West_Bank');
INSERT INTO Account VALUES(184,'East_Bank');
INSERT INTO Account VALUES(185,'West_Bank');
INSERT INTO Account VALUES(186,'South_Bank');
INSERT INTO Account VALUES(187,'West_Bank');
INSERT INTO Account VALUES(188,'West_Bank');
INSERT INTO Account VALUES(189,'North_Bank');
INSERT INTO Account VALUES(190,'East_Bank');
INSERT INTO Account VALUES(191,'North_Bank');
INSERT INTO Account VALUES(192,'West_Bank');
INSERT INTO Account VALUES(193,'East_Bank');
INSERT INTO Account VALUES(194,'West_Bank');
INSERT INTO Account VALUES(195,'East_Bank');
INSERT INTO Account VALUES(196,'East_Bank');
INSERT INTO Account VALUES(197,'West_Bank');
INSERT INTO Account VALUES(198,'West_Bank');
INSERT INTO Account VALUES(199,'East_Bank');
INSERT INTO Account VALUES(200,'West_Bank');
INSERT INTO Account VALUES(201,'West_Bank');
INSERT INTO Account VALUES(202,'East_Bank');
INSERT INTO Account VALUES(203,'East_Bank');
INSERT INTO Account VALUES(204,'East_Bank');
INSERT INTO Account VALUES(205,'East_Bank');
INSERT INTO Account VALUES(206,'East_Bank');
INSERT INTO Account VALUES(207,'East_Bank');
INSERT INTO Account VALUES(208,'East_Bank');
INSERT INTO Account VALUES(209,'South_Bank');
INSERT INTO Account VALUES(210,'East_Bank');
INSERT INTO Account VALUES(211,'West_Bank');
INSERT INTO Account VALUES(212,'West_Bank');
INSERT INTO Account VALUES(213,'South_Bank');
INSERT INTO Account VALUES(214,'East_Bank');
INSERT INTO Account VALUES(215,'East_Bank');
INSERT INTO Account VALUES(216,'West_Bank');
INSERT INTO Account VALUES(217,'South_Bank');
INSERT INTO Account VALUES(218,'South_Bank');
INSERT INTO Account VALUES(219,'East_Bank');
INSERT INTO Account VALUES(220,'South_Bank');
INSERT INTO Account VALUES(221,'East_Bank');
INSERT INTO Account VALUES(222,'South_Bank');
INSERT INTO Account VALUES(223,'East_Bank');
INSERT INTO Account VALUES(224,'South_Bank');
INSERT INTO Account VALUES(225,'North_Bank');
INSERT INTO Account VALUES(226,'North_Bank');
INSERT INTO Account VALUES(227,'West_Bank');
INSERT INTO Account VALUES(228,'East_Bank');
INSERT INTO Account VALUES(229,'North_Bank');
INSERT INTO Account VALUES(230,'South_Bank');
INSERT INTO Account VALUES(231,'North_Bank');
INSERT INTO Account VALUES(232,'North_Bank');
INSERT INTO Account VALUES(233,'West_Bank');
INSERT INTO Account VALUES(234,'North_Bank');
INSERT INTO Account VALUES(235,'West_Bank');
INSERT INTO Account VALUES(236,'South_Bank');
INSERT INTO Account VALUES(237,'South_Bank');
INSERT INTO Account VALUES(238,'South_Bank');
INSERT INTO Account VALUES(239,'South_Bank');
INSERT INTO Account VALUES(240,'South_Bank');
INSERT INTO Account VALUES(241,'South_Bank');
INSERT INTO Account VALUES(242,'West_Bank');
INSERT INTO Account VALUES(243,'North_Bank');
INSERT INTO Account VALUES(244,'West_Bank');
INSERT INTO Account VALUES(245,'North_Bank');
INSERT INTO Account VALUES(246,'East_Bank');
INSERT INTO Account VALUES(247,'South_Bank');
INSERT INTO Account VALUES(248,'South_Bank');
INSERT INTO Account VALUES(249,'East_Bank');
INSERT INTO Account VALUES(250,'North_Bank');
INSERT INTO Account VALUES(251,'South_Bank');
INSERT INTO Account VALUES(252,'South_Bank');
INSERT INTO Account VALUES(253,'South_Bank');
INSERT INTO Account VALUES(254,'North_Bank');
INSERT INTO Account VALUES(255,'North_Bank');
INSERT INTO Account VALUES(256,'West_Bank');
INSERT INTO Account VALUES(257,'West_Bank');
INSERT INTO Account VALUES(258,'West_Bank');
INSERT INTO Account VALUES(259,'South_Bank');
INSERT INTO Account VALUES(260,'East_Bank');
INSERT INTO Account VALUES(261,'South_Bank');
INSERT INTO Account VALUES(262,'West_Bank');
INSERT INTO Account VALUES(263,'East_Bank');
INSERT INTO Account VALUES(264,'West_Bank');
INSERT INTO Account VALUES(265,'North_Bank');
CREATE TABLE IF NOT EXISTS "Branch" 
(
   "branch_name"        text                 not null,
   "city"               text,
   "asset"              real,
   constraint PK_BRANCH primary key ("branch_name")
);
INSERT INTO Branch VALUES('North_Bank','North',12345.0);
INSERT INTO Branch VALUES('South_Bank','South',23456.0);
INSERT INTO Branch VALUES('East_Bank','East',34567.0);
INSERT INTO Branch VALUES('West_Bank','West',45678.0);
CREATE TABLE IF NOT EXISTS "Check_Account" 
(
   "Account_id"         integer               not null,
   "branch_name"        text                 not null,
   "balance"            real,
   "open_date"          text     "2019-6-11 19:23:45",
   "overdraft"          real,
   constraint PK_CHECK_ACCOUNT primary key ("Account_id"),
   constraint FK_CHECK_AC_Account_IN_Account foreign key ("Account_id")
      references "Account" ("Account_id"),
   constraint FK_Check_ACCOUNT_OPEN_ACCO_BRANCH foreign key ("branch_name")
      references "Branch" ("branch_name")
);
INSERT INTO Check_Account VALUES(133,'West_Bank',9.0,'2019-06-12 12:23:34',132.0);
INSERT INTO Check_Account VALUES(134,'West_Bank',81.999999999999999998,'2019-08-12 12:23:34',175.99999999999999999);
INSERT INTO Check_Account VALUES(135,'East_Bank',15.0,'2019-08-12 12:23:34',155.99999999999999999);
INSERT INTO Check_Account VALUES(136,'South_Bank',43.000000000000000001,'2019-10-12 12:23:34',188.0);
INSERT INTO Check_Account VALUES(137,'North_Bank',53.000000000000000001,'2019-06-12 12:23:34',191.99999999999999999);
INSERT INTO Check_Account VALUES(138,'East_Bank',37.0,'2019-02-12 12:23:34',103.99999999999999999);
INSERT INTO Check_Account VALUES(139,'East_Bank',65.999999999999999999,'2019-02-12 12:23:34',190.99999999999999999);
INSERT INTO Check_Account VALUES(140,'East_Bank',75.0,'2019-02-12 12:23:34',167.99999999999999999);
INSERT INTO Check_Account VALUES(141,'South_Bank',45.0,'2019-07-12 12:23:34',134.0);
INSERT INTO Check_Account VALUES(142,'South_Bank',2.0,'2019-07-12 12:23:34',107.0);
INSERT INTO Check_Account VALUES(143,'East_Bank',3.0,'2019-01-12 12:23:34',133.0);
INSERT INTO Check_Account VALUES(144,'West_Bank',32.0,'2019-04-12 12:23:34',110.0);
INSERT INTO Check_Account VALUES(145,'West_Bank',71.999999999999999998,'2019-09-12 12:23:34',137.99999999999999999);
INSERT INTO Check_Account VALUES(146,'East_Bank',53.000000000000000001,'2019-06-12 12:23:34',185.0);
INSERT INTO Check_Account VALUES(147,'North_Bank',55.0,'2019-04-12 12:23:34',198.0);
INSERT INTO Check_Account VALUES(148,'East_Bank',68.000000000000000001,'2019-03-12 12:23:34',158.0);
INSERT INTO Check_Account VALUES(149,'North_Bank',68.000000000000000001,'2019-01-12 12:23:34',152.99999999999999999);
INSERT INTO Check_Account VALUES(150,'West_Bank',80.0,'2019-11-12 12:23:34',175.0);
INSERT INTO Check_Account VALUES(151,'East_Bank',81.999999999999999998,'2019-08-12 12:23:34',107.0);
INSERT INTO Check_Account VALUES(152,'East_Bank',88.000000000000000001,'2019-10-12 12:23:34',119.0);
INSERT INTO Check_Account VALUES(153,'South_Bank',51.999999999999999998,'2019-11-12 12:23:34',195.0);
INSERT INTO Check_Account VALUES(154,'South_Bank',40.0,'2019-01-12 12:23:34',198.0);
INSERT INTO Check_Account VALUES(155,'North_Bank',69.0,'2019-01-12 12:23:34',104.99999999999999999);
INSERT INTO Check_Account VALUES(156,'South_Bank',60.999999999999999999,'2019-05-12 12:23:34',113.99999999999999999);
INSERT INTO Check_Account VALUES(157,'East_Bank',32.999999999999999999,'2019-10-12 12:23:34',180.99999999999999999);
INSERT INTO Check_Account VALUES(158,'East_Bank',40.999999999999999999,'2019-09-12 12:23:34',200.0);
INSERT INTO Check_Account VALUES(159,'South_Bank',60.0,'2019-02-12 12:23:34',139.99999999999999999);
INSERT INTO Check_Account VALUES(160,'North_Bank',53.000000000000000001,'2019-04-12 12:23:34',170.0);
INSERT INTO Check_Account VALUES(161,'South_Bank',0.0,'2019-11-12 12:23:34',134.0);
INSERT INTO Check_Account VALUES(162,'East_Bank',37.999999999999999999,'2019-04-12 12:23:34',157.0);
INSERT INTO Check_Account VALUES(163,'South_Bank',12.999999999999999999,'2019-11-12 12:23:34',169.0);
INSERT INTO Check_Account VALUES(164,'West_Bank',40.0,'2019-04-12 12:23:34',138.99999999999999999);
INSERT INTO Check_Account VALUES(165,'North_Bank',73.000000000000000001,'2019-08-12 12:23:34',157.0);
INSERT INTO Check_Account VALUES(166,'East_Bank',49.0,'2019-08-12 12:23:34',134.0);
INSERT INTO Check_Account VALUES(167,'East_Bank',39.0,'2019-03-12 12:23:34',170.0);
INSERT INTO Check_Account VALUES(168,'West_Bank',63.000000000000000001,'2019-12-12 12:23:34',126.99999999999999999);
INSERT INTO Check_Account VALUES(169,'South_Bank',75.999999999999999999,'2019-03-12 12:23:34',124.0);
INSERT INTO Check_Account VALUES(170,'East_Bank',66.999999999999999998,'2019-05-12 12:23:34',192.99999999999999999);
INSERT INTO Check_Account VALUES(171,'West_Bank',25.999999999999999999,'2019-07-12 12:23:34',148.0);
INSERT INTO Check_Account VALUES(172,'East_Bank',60.0,'2019-06-12 12:23:34',152.99999999999999999);
INSERT INTO Check_Account VALUES(173,'North_Bank',70.0,'2019-12-12 12:23:34',160.0);
INSERT INTO Check_Account VALUES(174,'East_Bank',70.999999999999999999,'2019-05-12 12:23:34',102.99999999999999999);
INSERT INTO Check_Account VALUES(175,'East_Bank',50.0,'2019-01-12 12:23:34',174.0);
INSERT INTO Check_Account VALUES(176,'South_Bank',88.000000000000000001,'2019-10-12 12:23:34',188.99999999999999999);
INSERT INTO Check_Account VALUES(177,'North_Bank',66.999999999999999998,'2019-04-12 12:23:34',150.0);
INSERT INTO Check_Account VALUES(178,'West_Bank',16.0,'2019-01-12 12:23:34',114.99999999999999999);
INSERT INTO Check_Account VALUES(179,'West_Bank',22.0,'2019-09-12 12:23:34',178.99999999999999999);
INSERT INTO Check_Account VALUES(180,'West_Bank',83.999999999999999996,'2019-07-12 12:23:34',141.99999999999999999);
INSERT INTO Check_Account VALUES(181,'East_Bank',55.0,'2019-05-12 12:23:34',147.0);
INSERT INTO Check_Account VALUES(182,'West_Bank',35.999999999999999999,'2019-08-12 12:23:34',121.0);
INSERT INTO Check_Account VALUES(183,'West_Bank',85.0,'2019-08-12 12:23:34',112.0);
INSERT INTO Check_Account VALUES(184,'East_Bank',17.0,'2019-08-12 12:23:34',159.0);
INSERT INTO Check_Account VALUES(185,'West_Bank',85.0,'2019-11-12 12:23:34',175.99999999999999999);
INSERT INTO Check_Account VALUES(186,'South_Bank',79.0,'2019-02-12 12:23:34',116.99999999999999999);
INSERT INTO Check_Account VALUES(187,'West_Bank',49.0,'2019-02-12 12:23:34',100.0);
INSERT INTO Check_Account VALUES(188,'West_Bank',70.999999999999999999,'2019-11-12 12:23:34',139.99999999999999999);
INSERT INTO Check_Account VALUES(189,'North_Bank',86.000000000000000003,'2019-11-12 12:23:34',142.99999999999999999);
INSERT INTO Check_Account VALUES(190,'East_Bank',25.0,'2019-12-12 12:23:34',192.99999999999999999);
INSERT INTO Check_Account VALUES(191,'North_Bank',80.0,'2019-08-12 12:23:34',163.99999999999999999);
INSERT INTO Check_Account VALUES(192,'West_Bank',30.0,'2019-02-12 12:23:34',158.0);
INSERT INTO Check_Account VALUES(193,'East_Bank',53.000000000000000001,'2019-04-12 12:23:34',122.0);
INSERT INTO Check_Account VALUES(194,'West_Bank',79.0,'2019-08-12 12:23:34',150.0);
INSERT INTO Check_Account VALUES(195,'East_Bank',41.999999999999999998,'2019-08-12 12:23:34',111.0);
INSERT INTO Check_Account VALUES(196,'East_Bank',98.000000000000000001,'2019-10-12 12:23:34',173.0);
INSERT INTO Check_Account VALUES(197,'West_Bank',20.0,'2019-07-12 12:23:34',114.99999999999999999);
INSERT INTO Check_Account VALUES(198,'West_Bank',54.0,'2019-04-12 12:23:34',100.99999999999999999);
INSERT INTO Check_Account VALUES(199,'East_Bank',45.0,'2019-05-12 12:23:34',198.0);
INSERT INTO Check_Account VALUES(200,'West_Bank',91.000000000000000003,'2019-10-12 12:23:34',146.0);
INSERT INTO Check_Account VALUES(201,'West_Bank',30.0,'2019-10-12 12:23:34',166.99999999999999999);
INSERT INTO Check_Account VALUES(202,'East_Bank',51.999999999999999998,'2019-03-12 12:23:34',103.99999999999999999);
INSERT INTO Check_Account VALUES(203,'East_Bank',49.0,'2019-05-12 12:23:34',140.99999999999999999);
INSERT INTO Check_Account VALUES(204,'East_Bank',4.0,'2019-06-12 12:23:34',165.0);
INSERT INTO Check_Account VALUES(205,'East_Bank',22.0,'2019-04-12 12:23:34',117.99999999999999999);
INSERT INTO Check_Account VALUES(206,'East_Bank',65.0,'2019-08-12 12:23:34',121.0);
INSERT INTO Check_Account VALUES(207,'East_Bank',93.999999999999999996,'2019-08-12 12:23:34',128.99999999999999999);
INSERT INTO Check_Account VALUES(208,'East_Bank',29.0,'2019-10-12 12:23:34',111.0);
INSERT INTO Check_Account VALUES(209,'South_Bank',88.000000000000000001,'2019-02-12 12:23:34',103.99999999999999999);
INSERT INTO Check_Account VALUES(210,'East_Bank',46.999999999999999998,'2019-06-12 12:23:34',125.99999999999999999);
INSERT INTO Check_Account VALUES(211,'West_Bank',55.0,'2019-03-12 12:23:34',146.0);
INSERT INTO Check_Account VALUES(212,'West_Bank',46.999999999999999998,'2019-07-12 12:23:34',184.0);
INSERT INTO Check_Account VALUES(213,'South_Bank',78.000000000000000001,'2019-07-12 12:23:34',153.99999999999999999);
INSERT INTO Check_Account VALUES(214,'East_Bank',45.0,'2019-09-12 12:23:34',153.99999999999999999);
INSERT INTO Check_Account VALUES(215,'East_Bank',17.0,'2019-01-12 12:23:34',100.99999999999999999);
INSERT INTO Check_Account VALUES(216,'West_Bank',91.000000000000000003,'2019-11-12 12:23:34',123.0);
INSERT INTO Check_Account VALUES(217,'South_Bank',66.999999999999999998,'2019-09-12 12:23:34',115.99999999999999999);
INSERT INTO Check_Account VALUES(218,'South_Bank',22.0,'2019-03-12 12:23:34',165.0);
INSERT INTO Check_Account VALUES(219,'East_Bank',39.0,'2019-12-12 12:23:34',197.0);
INSERT INTO Check_Account VALUES(220,'South_Bank',19.0,'2019-05-12 12:23:34',114.99999999999999999);
INSERT INTO Check_Account VALUES(221,'East_Bank',17.0,'2019-02-12 12:23:34',177.99999999999999999);
INSERT INTO Check_Account VALUES(222,'South_Bank',73.000000000000000001,'2019-03-12 12:23:34',139.99999999999999999);
INSERT INTO Check_Account VALUES(223,'East_Bank',88.000000000000000001,'2019-03-12 12:23:34',142.99999999999999999);
INSERT INTO Check_Account VALUES(224,'South_Bank',91.000000000000000003,'2019-03-12 12:23:34',178.99999999999999999);
INSERT INTO Check_Account VALUES(225,'North_Bank',83.999999999999999996,'2019-04-12 12:23:34',102.99999999999999999);
INSERT INTO Check_Account VALUES(226,'North_Bank',22.0,'2019-05-12 12:23:34',154.99999999999999999);
INSERT INTO Check_Account VALUES(227,'West_Bank',30.999999999999999999,'2019-05-12 12:23:34',100.0);
INSERT INTO Check_Account VALUES(228,'East_Bank',73.000000000000000001,'2019-04-12 12:23:34',153.99999999999999999);
INSERT INTO Check_Account VALUES(229,'North_Bank',37.999999999999999999,'2019-02-12 12:23:34',186.0);
INSERT INTO Check_Account VALUES(230,'South_Bank',86.000000000000000003,'2019-09-12 12:23:34',186.0);
INSERT INTO Check_Account VALUES(231,'North_Bank',93.999999999999999996,'2019-11-12 12:23:34',104.99999999999999999);
INSERT INTO Check_Account VALUES(232,'North_Bank',1.0,'2019-11-12 12:23:34',114.99999999999999999);
INSERT INTO Check_Account VALUES(233,'West_Bank',22.0,'2019-01-12 12:23:34',195.0);
INSERT INTO Check_Account VALUES(234,'North_Bank',10.0,'2019-04-12 12:23:34',137.99999999999999999);
INSERT INTO Check_Account VALUES(235,'West_Bank',45.999999999999999999,'2019-12-12 12:23:34',132.0);
INSERT INTO Check_Account VALUES(236,'South_Bank',24.0,'2019-11-12 12:23:34',165.0);
INSERT INTO Check_Account VALUES(237,'South_Bank',44.0,'2019-01-12 12:23:34',134.0);
INSERT INTO Check_Account VALUES(238,'South_Bank',43.000000000000000001,'2019-02-12 12:23:34',107.0);
INSERT INTO Check_Account VALUES(239,'South_Bank',35.999999999999999999,'2019-06-12 12:23:34',165.0);
INSERT INTO Check_Account VALUES(240,'South_Bank',83.999999999999999996,'2019-10-12 12:23:34',186.0);
INSERT INTO Check_Account VALUES(241,'South_Bank',30.999999999999999999,'2019-05-12 12:23:34',153.99999999999999999);
INSERT INTO Check_Account VALUES(242,'West_Bank',51.999999999999999998,'2019-02-12 12:23:34',127.99999999999999999);
INSERT INTO Check_Account VALUES(243,'North_Bank',45.999999999999999999,'2019-01-12 12:23:34',179.99999999999999999);
INSERT INTO Check_Account VALUES(244,'West_Bank',93.000000000000000001,'2019-10-12 12:23:34',154.99999999999999999);
INSERT INTO Check_Account VALUES(245,'North_Bank',91.999999999999999998,'2019-09-12 12:23:34',159.0);
INSERT INTO Check_Account VALUES(246,'East_Bank',27.999999999999999999,'2019-07-12 12:23:34',100.99999999999999999);
INSERT INTO Check_Account VALUES(247,'South_Bank',8.0,'2019-07-12 12:23:34',183.0);
INSERT INTO Check_Account VALUES(248,'South_Bank',16.0,'2019-01-12 12:23:34',188.0);
INSERT INTO Check_Account VALUES(249,'East_Bank',64.0,'2019-05-12 12:23:34',198.0);
INSERT INTO Check_Account VALUES(250,'North_Bank',2.0,'2019-01-12 12:23:34',151.99999999999999999);
INSERT INTO Check_Account VALUES(251,'South_Bank',32.0,'2019-03-12 12:23:34',158.0);
INSERT INTO Check_Account VALUES(252,'South_Bank',48.000000000000000001,'2019-04-12 12:23:34',137.0);
INSERT INTO Check_Account VALUES(253,'South_Bank',15.0,'2019-04-12 12:23:34',144.0);
INSERT INTO Check_Account VALUES(254,'North_Bank',44.0,'2019-11-12 12:23:34',153.99999999999999999);
INSERT INTO Check_Account VALUES(255,'North_Bank',12.999999999999999999,'2019-12-12 12:23:34',125.0);
INSERT INTO Check_Account VALUES(256,'West_Bank',90.0,'2019-07-12 12:23:34',183.0);
INSERT INTO Check_Account VALUES(257,'West_Bank',60.0,'2019-02-12 12:23:34',151.99999999999999999);
INSERT INTO Check_Account VALUES(258,'West_Bank',66.999999999999999998,'2019-05-12 12:23:34',144.0);
INSERT INTO Check_Account VALUES(259,'South_Bank',79.0,'2019-01-12 12:23:34',113.99999999999999999);
INSERT INTO Check_Account VALUES(260,'East_Bank',75.0,'2019-12-12 12:23:34',151.99999999999999999);
INSERT INTO Check_Account VALUES(261,'South_Bank',2.0,'2019-07-12 12:23:34',185.0);
INSERT INTO Check_Account VALUES(262,'West_Bank',78.000000000000000001,'2019-05-12 12:23:34',188.99999999999999999);
INSERT INTO Check_Account VALUES(263,'East_Bank',74.0,'2019-12-12 12:23:34',195.0);
INSERT INTO Check_Account VALUES(264,'West_Bank',53.000000000000000001,'2019-12-12 12:23:34',116.99999999999999999);
INSERT INTO Check_Account VALUES(265,'North_Bank',96.000000000000000003,'2019-01-12 12:23:34',175.99999999999999999);
CREATE TABLE IF NOT EXISTS "Customer" 
(
   "customer_id"        integer               not null,
   "name"               text,
   "phone"              text,
   "address"            text,
   "contact_name"       text,
   "contact_phone"      text,
   "contact_email"      text,
   "contact_relation"   text,
   constraint PK_CUSTOMER primary key ("customer_id")
);
INSERT INTO Customer VALUES(0,'c0','345678','ustc','ab','123456','ab@mail.ustc.edu.cn','other');
INSERT INTO Customer VALUES(1,'c1','345678','ustc','ab','123456','ab@mail.ustc.edu.cn','other');
INSERT INTO Customer VALUES(2,'c2','345678','ustc','ab','123456','ab@mail.ustc.edu.cn','other');
INSERT INTO Customer VALUES(3,'c3','345678','ustc','ab','123456','ab@mail.ustc.edu.cn','other');
INSERT INTO Customer VALUES(4,'c4','345678','ustc','ab','123456','ab@mail.ustc.edu.cn','other');
INSERT INTO Customer VALUES(5,'c5','345678','ustc','ab','123456','ab@mail.ustc.edu.cn','other');
INSERT INTO Customer VALUES(6,'c6','345678','ustc','ab','123456','ab@mail.ustc.edu.cn','other');
INSERT INTO Customer VALUES(7,'c7','345678','ustc','ab','123456','ab@mail.ustc.edu.cn','other');
INSERT INTO Customer VALUES(8,'c8','345678','ustc','ab','123456','ab@mail.ustc.edu.cn','other');
INSERT INTO Customer VALUES(9,'c9','345678','ustc','ab','123456','ab@mail.ustc.edu.cn','other');
INSERT INTO Customer VALUES(10,'c10','345678','ustc','ab','123456','ab@mail.ustc.edu.cn','other');
INSERT INTO Customer VALUES(11,'c11','345678','ustc','ab','123456','ab@mail.ustc.edu.cn','other');
INSERT INTO Customer VALUES(12,'c12','345678','ustc','ab','123456','ab@mail.ustc.edu.cn','other');
INSERT INTO Customer VALUES(13,'c13','345678','ustc','ab','123456','ab@mail.ustc.edu.cn','other');
INSERT INTO Customer VALUES(14,'c14','345678','ustc','ab','123456','ab@mail.ustc.edu.cn','other');
INSERT INTO Customer VALUES(15,'c15','345678','ustc','ab','123456','ab@mail.ustc.edu.cn','other');
INSERT INTO Customer VALUES(16,'c16','345678','ustc','ab','123456','ab@mail.ustc.edu.cn','other');
INSERT INTO Customer VALUES(17,'c17','345678','ustc','ab','123456','ab@mail.ustc.edu.cn','other');
INSERT INTO Customer VALUES(18,'c18','345678','ustc','ab','123456','ab@mail.ustc.edu.cn','other');
INSERT INTO Customer VALUES(19,'c19','345678','ustc','ab','123456','ab@mail.ustc.edu.cn','other');
INSERT INTO Customer VALUES(20,'c20','345678','ustc','ab','123456','ab@mail.ustc.edu.cn','other');
INSERT INTO Customer VALUES(21,'c21','345678','ustc','ab','123456','ab@mail.ustc.edu.cn','other');
INSERT INTO Customer VALUES(22,'c22','345678','ustc','ab','123456','ab@mail.ustc.edu.cn','other');
INSERT INTO Customer VALUES(23,'c23','345678','ustc','ab','123456','ab@mail.ustc.edu.cn','other');
INSERT INTO Customer VALUES(24,'c24','345678','ustc','ab','123456','ab@mail.ustc.edu.cn','other');
INSERT INTO Customer VALUES(25,'c25','345678','ustc','ab','123456','ab@mail.ustc.edu.cn','other');
INSERT INTO Customer VALUES(26,'c26','345678','ustc','ab','123456','ab@mail.ustc.edu.cn','other');
INSERT INTO Customer VALUES(27,'c27','345678','ustc','ab','123456','ab@mail.ustc.edu.cn','other');
INSERT INTO Customer VALUES(28,'c28','345678','ustc','ab','123456','ab@mail.ustc.edu.cn','other');
INSERT INTO Customer VALUES(29,'c29','345678','ustc','ab','123456','ab@mail.ustc.edu.cn','other');
INSERT INTO Customer VALUES(30,'c30','345678','ustc','ab','123456','ab@mail.ustc.edu.cn','other');
INSERT INTO Customer VALUES(31,'c31','345678','ustc','ab','123456','ab@mail.ustc.edu.cn','other');
INSERT INTO Customer VALUES(32,'c32','345678','ustc','ab','123456','ab@mail.ustc.edu.cn','other');
INSERT INTO Customer VALUES(33,'c33','345678','ustc','ab','123456','ab@mail.ustc.edu.cn','other');
INSERT INTO Customer VALUES(34,'c34','345678','ustc','ab','123456','ab@mail.ustc.edu.cn','other');
INSERT INTO Customer VALUES(35,'c35','345678','ustc','ab','123456','ab@mail.ustc.edu.cn','other');
INSERT INTO Customer VALUES(36,'c36','345678','ustc','ab','123456','ab@mail.ustc.edu.cn','other');
INSERT INTO Customer VALUES(37,'c37','345678','ustc','ab','123456','ab@mail.ustc.edu.cn','other');
INSERT INTO Customer VALUES(38,'c38','345678','ustc','ab','123456','ab@mail.ustc.edu.cn','other');
INSERT INTO Customer VALUES(39,'c39','345678','ustc','ab','123456','ab@mail.ustc.edu.cn','other');
INSERT INTO Customer VALUES(40,'c40','345678','ustc','ab','123456','ab@mail.ustc.edu.cn','other');
INSERT INTO Customer VALUES(41,'c41','345678','ustc','ab','123456','ab@mail.ustc.edu.cn','other');
INSERT INTO Customer VALUES(42,'c42','345678','ustc','ab','123456','ab@mail.ustc.edu.cn','other');
INSERT INTO Customer VALUES(43,'c43','345678','ustc','ab','123456','ab@mail.ustc.edu.cn','other');
INSERT INTO Customer VALUES(44,'c44','345678','ustc','ab','123456','ab@mail.ustc.edu.cn','other');
INSERT INTO Customer VALUES(45,'c45','345678','ustc','ab','123456','ab@mail.ustc.edu.cn','other');
INSERT INTO Customer VALUES(46,'c46','345678','ustc','ab','123456','ab@mail.ustc.edu.cn','other');
INSERT INTO Customer VALUES(47,'c47','345678','ustc','ab','123456','ab@mail.ustc.edu.cn','other');
INSERT INTO Customer VALUES(48,'c48','345678','ustc','ab','123456','ab@mail.ustc.edu.cn','other');
INSERT INTO Customer VALUES(49,'c49','345678','ustc','ab','123456','ab@mail.ustc.edu.cn','other');
INSERT INTO Customer VALUES(50,'c50','345678','ustc','ab','123456','ab@mail.ustc.edu.cn','other');
INSERT INTO Customer VALUES(51,'c51','345678','ustc','ab','123456','ab@mail.ustc.edu.cn','other');
INSERT INTO Customer VALUES(52,'c52','345678','ustc','ab','123456','ab@mail.ustc.edu.cn','other');
INSERT INTO Customer VALUES(53,'c53','345678','ustc','ab','123456','ab@mail.ustc.edu.cn','other');
INSERT INTO Customer VALUES(54,'c54','345678','ustc','ab','123456','ab@mail.ustc.edu.cn','other');
INSERT INTO Customer VALUES(55,'c55','345678','ustc','ab','123456','ab@mail.ustc.edu.cn','other');
INSERT INTO Customer VALUES(56,'c56','345678','ustc','ab','123456','ab@mail.ustc.edu.cn','other');
INSERT INTO Customer VALUES(57,'c57','345678','ustc','ab','123456','ab@mail.ustc.edu.cn','other');
INSERT INTO Customer VALUES(58,'c58','345678','ustc','ab','123456','ab@mail.ustc.edu.cn','other');
INSERT INTO Customer VALUES(59,'c59','345678','ustc','ab','123456','ab@mail.ustc.edu.cn','other');
INSERT INTO Customer VALUES(60,'c60','345678','ustc','ab','123456','ab@mail.ustc.edu.cn','other');
INSERT INTO Customer VALUES(61,'c61','345678','ustc','ab','123456','ab@mail.ustc.edu.cn','other');
INSERT INTO Customer VALUES(62,'c62','345678','ustc','ab','123456','ab@mail.ustc.edu.cn','other');
INSERT INTO Customer VALUES(63,'c63','345678','ustc','ab','123456','ab@mail.ustc.edu.cn','other');
INSERT INTO Customer VALUES(64,'c64','345678','ustc','ab','123456','ab@mail.ustc.edu.cn','other');
INSERT INTO Customer VALUES(65,'c65','345678','ustc','ab','123456','ab@mail.ustc.edu.cn','other');
INSERT INTO Customer VALUES(66,'c66','345678','ustc','ab','123456','ab@mail.ustc.edu.cn','other');
INSERT INTO Customer VALUES(67,'c67','345678','ustc','ab','123456','ab@mail.ustc.edu.cn','other');
INSERT INTO Customer VALUES(68,'c68','345678','ustc','ab','123456','ab@mail.ustc.edu.cn','other');
INSERT INTO Customer VALUES(69,'c69','345678','ustc','ab','123456','ab@mail.ustc.edu.cn','other');
INSERT INTO Customer VALUES(70,'c70','345678','ustc','ab','123456','ab@mail.ustc.edu.cn','other');
INSERT INTO Customer VALUES(71,'c71','345678','ustc','ab','123456','ab@mail.ustc.edu.cn','other');
INSERT INTO Customer VALUES(72,'c72','345678','ustc','ab','123456','ab@mail.ustc.edu.cn','other');
INSERT INTO Customer VALUES(73,'c73','345678','ustc','ab','123456','ab@mail.ustc.edu.cn','other');
INSERT INTO Customer VALUES(74,'c74','345678','ustc','ab','123456','ab@mail.ustc.edu.cn','other');
INSERT INTO Customer VALUES(75,'c75','345678','ustc','ab','123456','ab@mail.ustc.edu.cn','other');
INSERT INTO Customer VALUES(76,'c76','345678','ustc','ab','123456','ab@mail.ustc.edu.cn','other');
INSERT INTO Customer VALUES(77,'c77','345678','ustc','ab','123456','ab@mail.ustc.edu.cn','other');
INSERT INTO Customer VALUES(78,'c78','345678','ustc','ab','123456','ab@mail.ustc.edu.cn','other');
INSERT INTO Customer VALUES(79,'c79','345678','ustc','ab','123456','ab@mail.ustc.edu.cn','other');
INSERT INTO Customer VALUES(80,'c80','345678','ustc','ab','123456','ab@mail.ustc.edu.cn','other');
INSERT INTO Customer VALUES(81,'c81','345678','ustc','ab','123456','ab@mail.ustc.edu.cn','other');
INSERT INTO Customer VALUES(82,'c82','345678','ustc','ab','123456','ab@mail.ustc.edu.cn','other');
INSERT INTO Customer VALUES(83,'c83','345678','ustc','ab','123456','ab@mail.ustc.edu.cn','other');
INSERT INTO Customer VALUES(84,'c84','345678','ustc','ab','123456','ab@mail.ustc.edu.cn','other');
INSERT INTO Customer VALUES(85,'c85','345678','ustc','ab','123456','ab@mail.ustc.edu.cn','other');
INSERT INTO Customer VALUES(86,'c86','345678','ustc','ab','123456','ab@mail.ustc.edu.cn','other');
INSERT INTO Customer VALUES(87,'c87','345678','ustc','ab','123456','ab@mail.ustc.edu.cn','other');
INSERT INTO Customer VALUES(88,'c88','345678','ustc','ab','123456','ab@mail.ustc.edu.cn','other');
INSERT INTO Customer VALUES(89,'c89','345678','ustc','ab','123456','ab@mail.ustc.edu.cn','other');
INSERT INTO Customer VALUES(90,'c90','345678','ustc','ab','123456','ab@mail.ustc.edu.cn','other');
INSERT INTO Customer VALUES(91,'c91','345678','ustc','ab','123456','ab@mail.ustc.edu.cn','other');
INSERT INTO Customer VALUES(92,'c92','345678','ustc','ab','123456','ab@mail.ustc.edu.cn','other');
INSERT INTO Customer VALUES(93,'c93','345678','ustc','ab','123456','ab@mail.ustc.edu.cn','other');
INSERT INTO Customer VALUES(94,'c94','345678','ustc','ab','123456','ab@mail.ustc.edu.cn','other');
INSERT INTO Customer VALUES(95,'c95','345678','ustc','ab','123456','ab@mail.ustc.edu.cn','other');
INSERT INTO Customer VALUES(96,'c96','345678','ustc','ab','123456','ab@mail.ustc.edu.cn','other');
INSERT INTO Customer VALUES(97,'c97','345678','ustc','ab','123456','ab@mail.ustc.edu.cn','other');
INSERT INTO Customer VALUES(98,'c98','345678','ustc','ab','123456','ab@mail.ustc.edu.cn','other');
INSERT INTO Customer VALUES(99,'c99','345678','ustc','ab','123456','ab@mail.ustc.edu.cn','other');
INSERT INTO Customer VALUES(100,'c100','345678','ustc','ab','123456','ab@mail.ustc.edu.cn','other');
INSERT INTO Customer VALUES(101,'c101','345678','ustc','ab','123456','ab@mail.ustc.edu.cn','other');
INSERT INTO Customer VALUES(102,'c102','345678','ustc','ab','123456','ab@mail.ustc.edu.cn','other');
INSERT INTO Customer VALUES(103,'c103','345678','ustc','ab','123456','ab@mail.ustc.edu.cn','other');
INSERT INTO Customer VALUES(104,'c104','345678','ustc','ab','123456','ab@mail.ustc.edu.cn','other');
INSERT INTO Customer VALUES(105,'c105','345678','ustc','ab','123456','ab@mail.ustc.edu.cn','other');
INSERT INTO Customer VALUES(106,'c106','345678','ustc','ab','123456','ab@mail.ustc.edu.cn','other');
INSERT INTO Customer VALUES(107,'c107','345678','ustc','ab','123456','ab@mail.ustc.edu.cn','other');
INSERT INTO Customer VALUES(108,'c108','345678','ustc','ab','123456','ab@mail.ustc.edu.cn','other');
INSERT INTO Customer VALUES(109,'c109','345678','ustc','ab','123456','ab@mail.ustc.edu.cn','other');
INSERT INTO Customer VALUES(110,'c110','345678','ustc','ab','123456','ab@mail.ustc.edu.cn','other');
INSERT INTO Customer VALUES(111,'c111','345678','ustc','ab','123456','ab@mail.ustc.edu.cn','other');
INSERT INTO Customer VALUES(112,'c112','345678','ustc','ab','123456','ab@mail.ustc.edu.cn','other');
INSERT INTO Customer VALUES(113,'c113','345678','ustc','ab','123456','ab@mail.ustc.edu.cn','other');
INSERT INTO Customer VALUES(114,'c114','345678','ustc','ab','123456','ab@mail.ustc.edu.cn','other');
INSERT INTO Customer VALUES(115,'c115','345678','ustc','ab','123456','ab@mail.ustc.edu.cn','other');
INSERT INTO Customer VALUES(116,'c116','345678','ustc','ab','123456','ab@mail.ustc.edu.cn','other');
INSERT INTO Customer VALUES(117,'c117','345678','ustc','ab','123456','ab@mail.ustc.edu.cn','other');
INSERT INTO Customer VALUES(118,'c118','345678','ustc','ab','123456','ab@mail.ustc.edu.cn','other');
INSERT INTO Customer VALUES(119,'c119','345678','ustc','ab','123456','ab@mail.ustc.edu.cn','other');
INSERT INTO Customer VALUES(120,'c120','345678','ustc','ab','123456','ab@mail.ustc.edu.cn','other');
INSERT INTO Customer VALUES(121,'c121','345678','ustc','ab','123456','ab@mail.ustc.edu.cn','other');
INSERT INTO Customer VALUES(122,'c122','345678','ustc','ab','123456','ab@mail.ustc.edu.cn','other');
INSERT INTO Customer VALUES(123,'c123','345678','ustc','ab','123456','ab@mail.ustc.edu.cn','other');
INSERT INTO Customer VALUES(124,'c124','345678','ustc','ab','123456','ab@mail.ustc.edu.cn','other');
INSERT INTO Customer VALUES(125,'c125','345678','ustc','ab','123456','ab@mail.ustc.edu.cn','other');
INSERT INTO Customer VALUES(126,'c126','345678','ustc','ab','123456','ab@mail.ustc.edu.cn','other');
INSERT INTO Customer VALUES(127,'c127','345678','ustc','ab','123456','ab@mail.ustc.edu.cn','other');
INSERT INTO Customer VALUES(128,'c128','345678','ustc','ab','123456','ab@mail.ustc.edu.cn','other');
INSERT INTO Customer VALUES(129,'c129','345678','ustc','ab','123456','ab@mail.ustc.edu.cn','other');
INSERT INTO Customer VALUES(130,'c130','345678','ustc','ab','123456','ab@mail.ustc.edu.cn','other');
INSERT INTO Customer VALUES(131,'c131','345678','ustc','ab','123456','ab@mail.ustc.edu.cn','other');
INSERT INTO Customer VALUES(132,'c132','345678','ustc','ab','123456','ab@mail.ustc.edu.cn','other');
CREATE TABLE IF NOT EXISTS "Employee" 
(
   "employee_id"        integer               not null,
   "branch_name"        text                 not null,
   "manager_id"         integer,
   "name"               text,
   "address"            text,
   "phone"              text,
   "start_date"         text,
   constraint PK_EMPLOYEE primary key ("employee_id"),
   constraint FK_EMPLOYEE_MANAGE_EMPLOYEE foreign key ("manager_id")
      references "Employee" ("employee_id"),
   constraint FK_EMPLOYEE_WORK_FOR_BRANCH foreign key ("branch_name")
      references "Branch" ("branch_name")
);
INSERT INTO Employee VALUES(0,'North_Bank',1,'e1','ustc','123','2019-04-25 11:25:13');
INSERT INTO Employee VALUES(1,'North_Bank',1,'e1','ustc','123','2019-04-25 11:25:13');
INSERT INTO Employee VALUES(2,'North_Bank',1,'e2','ustc','234','2019-04-24 11:25:13');
INSERT INTO Employee VALUES(3,'North_Bank',1,'e3','ustc','234','2019-04-26 11:25:13');
INSERT INTO Employee VALUES(4,'South_Bank',4,'e4','ustc','234','2019-04-26 11:25:13');
INSERT INTO Employee VALUES(5,'South_Bank',4,'e5','ustc','234','2019-04-25 11:25:13');
INSERT INTO Employee VALUES(6,'South_Bank',4,'e6','ustc','234','2019-04-27 11:25:13');
INSERT INTO Employee VALUES(7,'East_Bank',7,'e7','ustc','234','2019-04-27 11:25:13');
INSERT INTO Employee VALUES(8,'East_Bank',7,'e8','ustc','234','2019-04-27 11:25:13');
INSERT INTO Employee VALUES(9,'East_Bank',7,'e9','ustc','234','2019-04-27 11:25:13');
INSERT INTO Employee VALUES(10,'West_Bank',10,'e10','ustc','234','2019-04-27 11:25:13');
INSERT INTO Employee VALUES(11,'West_Bank',10,'e11','ustc','234','2019-04-27 11:25:13');
INSERT INTO Employee VALUES(12,'West_Bank',10,'e11','ustc','234','2019-04-27 11:25:13');
CREATE TABLE IF NOT EXISTS "Loan" 
(
   "loan_id"            integer           not null,
   "branch_name"        text                 not null,
   "amount"             real,
   "total"              real     default 0,
   constraint PK_LOAN primary key ("loan_id"),
   constraint FK_LOAN_BRANCH_LO_BRANCH foreign key ("branch_name")
      references "Branch" ("branch_name")
);
INSERT INTO Loan VALUES(0,'West_Bank',113.99999999999999999,13.999999999999999999);
INSERT INTO Loan VALUES(1,'West_Bank',127.99999999999999999,17.999999999999999999);
INSERT INTO Loan VALUES(2,'North_Bank',104.99999999999999999,22.999999999999999999);
INSERT INTO Loan VALUES(3,'West_Bank',127.99999999999999999,20.0);
INSERT INTO Loan VALUES(4,'West_Bank',147.0,10.0);
INSERT INTO Loan VALUES(5,'East_Bank',126.99999999999999999,22.0);
INSERT INTO Loan VALUES(6,'South_Bank',116.99999999999999999,29.0);
INSERT INTO Loan VALUES(7,'West_Bank',142.99999999999999999,20.999999999999999999);
INSERT INTO Loan VALUES(8,'West_Bank',128.99999999999999999,19.0);
INSERT INTO Loan VALUES(9,'East_Bank',111.0,3.0);
INSERT INTO Loan VALUES(10,'South_Bank',148.0,22.0);
INSERT INTO Loan VALUES(11,'East_Bank',100.99999999999999999,30.999999999999999999);
INSERT INTO Loan VALUES(12,'South_Bank',145.0,3.0);
INSERT INTO Loan VALUES(13,'East_Bank',104.99999999999999999,34.0);
INSERT INTO Loan VALUES(14,'South_Bank',126.99999999999999999,10.0);
INSERT INTO Loan VALUES(15,'North_Bank',100.99999999999999999,30.999999999999999999);
INSERT INTO Loan VALUES(16,'West_Bank',125.99999999999999999,20.0);
INSERT INTO Loan VALUES(17,'West_Bank',113.99999999999999999,22.999999999999999999);
INSERT INTO Loan VALUES(18,'East_Bank',109.0,12.999999999999999999);
INSERT INTO Loan VALUES(19,'North_Bank',111.0,24.0);
INSERT INTO Loan VALUES(20,'East_Bank',140.99999999999999999,5.0);
INSERT INTO Loan VALUES(21,'South_Bank',112.99999999999999999,15.0);
INSERT INTO Loan VALUES(22,'North_Bank',147.0,17.999999999999999999);
INSERT INTO Loan VALUES(23,'East_Bank',125.99999999999999999,22.999999999999999999);
INSERT INTO Loan VALUES(24,'South_Bank',119.0,9.0);
INSERT INTO Loan VALUES(25,'South_Bank',145.0,4.0);
INSERT INTO Loan VALUES(26,'East_Bank',114.99999999999999999,29.0);
INSERT INTO Loan VALUES(27,'West_Bank',137.0,6.0);
INSERT INTO Loan VALUES(28,'North_Bank',112.99999999999999999,5.0);
INSERT INTO Loan VALUES(29,'South_Bank',111.0,22.0);
INSERT INTO Loan VALUES(30,'East_Bank',125.99999999999999999,12.0);
INSERT INTO Loan VALUES(31,'North_Bank',124.0,20.0);
INSERT INTO Loan VALUES(32,'East_Bank',134.0,34.0);
INSERT INTO Loan VALUES(33,'North_Bank',113.99999999999999999,29.0);
INSERT INTO Loan VALUES(34,'East_Bank',149.0,25.999999999999999999);
INSERT INTO Loan VALUES(35,'South_Bank',121.0,20.999999999999999999);
INSERT INTO Loan VALUES(36,'South_Bank',137.99999999999999999,30.0);
INSERT INTO Loan VALUES(37,'North_Bank',123.0,35.0);
INSERT INTO Loan VALUES(38,'South_Bank',146.0,10.0);
INSERT INTO Loan VALUES(39,'South_Bank',137.99999999999999999,20.0);
INSERT INTO Loan VALUES(40,'East_Bank',115.99999999999999999,20.0);
INSERT INTO Loan VALUES(41,'North_Bank',142.99999999999999999,27.999999999999999999);
INSERT INTO Loan VALUES(42,'South_Bank',100.99999999999999999,20.0);
INSERT INTO Loan VALUES(43,'North_Bank',107.0,25.999999999999999999);
INSERT INTO Loan VALUES(44,'East_Bank',112.99999999999999999,34.0);
INSERT INTO Loan VALUES(45,'West_Bank',124.0,2.0);
INSERT INTO Loan VALUES(46,'North_Bank',100.99999999999999999,17.0);
INSERT INTO Loan VALUES(47,'East_Bank',150.0,29.0);
INSERT INTO Loan VALUES(48,'North_Bank',134.0,12.999999999999999999);
INSERT INTO Loan VALUES(49,'East_Bank',138.99999999999999999,30.0);
INSERT INTO Loan VALUES(50,'East_Bank',115.99999999999999999,29.0);
INSERT INTO Loan VALUES(51,'South_Bank',109.0,30.999999999999999999);
INSERT INTO Loan VALUES(52,'South_Bank',119.0,13.999999999999999999);
INSERT INTO Loan VALUES(53,'South_Bank',135.0,19.0);
INSERT INTO Loan VALUES(54,'South_Bank',127.99999999999999999,11.0);
INSERT INTO Loan VALUES(55,'East_Bank',126.99999999999999999,10.0);
INSERT INTO Loan VALUES(56,'West_Bank',137.0,20.999999999999999999);
INSERT INTO Loan VALUES(57,'South_Bank',122.0,10.0);
INSERT INTO Loan VALUES(58,'South_Bank',138.99999999999999999,27.0);
INSERT INTO Loan VALUES(59,'North_Bank',113.99999999999999999,24.0);
INSERT INTO Loan VALUES(60,'East_Bank',125.0,7.0);
INSERT INTO Loan VALUES(61,'East_Bank',105.99999999999999999,24.0);
INSERT INTO Loan VALUES(62,'South_Bank',109.0,27.0);
INSERT INTO Loan VALUES(63,'North_Bank',135.0,6.0);
INSERT INTO Loan VALUES(64,'East_Bank',137.0,9.0);
INSERT INTO Loan VALUES(65,'East_Bank',145.0,24.0);
INSERT INTO Loan VALUES(66,'North_Bank',149.0,12.999999999999999999);
INSERT INTO Loan VALUES(67,'North_Bank',141.99999999999999999,22.999999999999999999);
INSERT INTO Loan VALUES(68,'North_Bank',100.0,16.0);
INSERT INTO Loan VALUES(69,'East_Bank',116.99999999999999999,24.0);
INSERT INTO Loan VALUES(70,'South_Bank',112.99999999999999999,9.0);
INSERT INTO Loan VALUES(71,'North_Bank',149.0,3.0);
INSERT INTO Loan VALUES(72,'East_Bank',129.99999999999999999,19.0);
INSERT INTO Loan VALUES(73,'West_Bank',125.99999999999999999,20.0);
INSERT INTO Loan VALUES(74,'East_Bank',145.0,25.0);
INSERT INTO Loan VALUES(75,'North_Bank',104.99999999999999999,11.0);
INSERT INTO Loan VALUES(76,'North_Bank',123.0,37.0);
INSERT INTO Loan VALUES(77,'West_Bank',114.99999999999999999,12.999999999999999999);
INSERT INTO Loan VALUES(78,'East_Bank',100.99999999999999999,20.999999999999999999);
INSERT INTO Loan VALUES(79,'North_Bank',107.0,20.999999999999999999);
INSERT INTO Loan VALUES(80,'South_Bank',127.99999999999999999,40.0);
INSERT INTO Loan VALUES(81,'East_Bank',149.0,25.0);
INSERT INTO Loan VALUES(82,'North_Bank',138.99999999999999999,17.0);
INSERT INTO Loan VALUES(83,'South_Bank',135.0,30.999999999999999999);
INSERT INTO Loan VALUES(84,'West_Bank',122.0,19.0);
INSERT INTO Loan VALUES(85,'East_Bank',123.0,8.0);
INSERT INTO Loan VALUES(86,'South_Bank',130.99999999999999999,25.999999999999999999);
INSERT INTO Loan VALUES(87,'West_Bank',133.0,27.0);
INSERT INTO Loan VALUES(88,'South_Bank',103.99999999999999999,19.0);
INSERT INTO Loan VALUES(89,'South_Bank',138.99999999999999999,19.0);
INSERT INTO Loan VALUES(90,'East_Bank',121.0,32.0);
INSERT INTO Loan VALUES(91,'West_Bank',108.0,20.999999999999999999);
INSERT INTO Loan VALUES(92,'West_Bank',140.99999999999999999,16.0);
INSERT INTO Loan VALUES(93,'East_Bank',103.99999999999999999,20.0);
INSERT INTO Loan VALUES(94,'South_Bank',117.99999999999999999,27.999999999999999999);
INSERT INTO Loan VALUES(95,'West_Bank',119.0,20.0);
INSERT INTO Loan VALUES(96,'North_Bank',132.0,20.0);
INSERT INTO Loan VALUES(97,'North_Bank',124.0,22.999999999999999999);
INSERT INTO Loan VALUES(98,'North_Bank',141.99999999999999999,19.0);
INSERT INTO Loan VALUES(99,'West_Bank',100.99999999999999999,27.0);
INSERT INTO Loan VALUES(100,'East_Bank',113.99999999999999999,12.0);
INSERT INTO Loan VALUES(101,'North_Bank',149.0,8.0);
INSERT INTO Loan VALUES(102,'West_Bank',107.0,17.0);
INSERT INTO Loan VALUES(103,'West_Bank',146.0,20.999999999999999999);
INSERT INTO Loan VALUES(104,'East_Bank',133.0,27.999999999999999999);
INSERT INTO Loan VALUES(105,'East_Bank',137.99999999999999999,12.999999999999999999);
INSERT INTO Loan VALUES(106,'South_Bank',136.0,5.0);
INSERT INTO Loan VALUES(107,'North_Bank',140.99999999999999999,27.999999999999999999);
INSERT INTO Loan VALUES(108,'North_Bank',112.0,22.0);
INSERT INTO Loan VALUES(109,'East_Bank',130.99999999999999999,17.0);
INSERT INTO Loan VALUES(110,'East_Bank',117.99999999999999999,22.0);
INSERT INTO Loan VALUES(111,'East_Bank',137.0,17.999999999999999999);
INSERT INTO Loan VALUES(112,'West_Bank',124.0,25.0);
INSERT INTO Loan VALUES(113,'East_Bank',102.99999999999999999,6.0);
INSERT INTO Loan VALUES(114,'West_Bank',142.99999999999999999,39.0);
INSERT INTO Loan VALUES(115,'South_Bank',127.99999999999999999,25.0);
INSERT INTO Loan VALUES(116,'East_Bank',150.0,6.0);
INSERT INTO Loan VALUES(117,'North_Bank',121.0,22.999999999999999999);
INSERT INTO Loan VALUES(118,'North_Bank',130.99999999999999999,25.0);
INSERT INTO Loan VALUES(119,'East_Bank',146.0,12.0);
INSERT INTO Loan VALUES(120,'East_Bank',137.99999999999999999,22.999999999999999999);
INSERT INTO Loan VALUES(121,'West_Bank',120.0,27.0);
INSERT INTO Loan VALUES(122,'East_Bank',113.99999999999999999,0.0);
INSERT INTO Loan VALUES(123,'West_Bank',136.0,35.0);
INSERT INTO Loan VALUES(124,'East_Bank',115.99999999999999999,32.0);
INSERT INTO Loan VALUES(125,'South_Bank',109.0,27.999999999999999999);
INSERT INTO Loan VALUES(126,'North_Bank',124.0,11.0);
INSERT INTO Loan VALUES(127,'East_Bank',145.0,17.0);
INSERT INTO Loan VALUES(128,'North_Bank',114.99999999999999999,17.999999999999999999);
INSERT INTO Loan VALUES(129,'East_Bank',132.0,25.999999999999999999);
INSERT INTO Loan VALUES(130,'North_Bank',114.99999999999999999,22.0);
INSERT INTO Loan VALUES(131,'West_Bank',112.99999999999999999,20.999999999999999999);
INSERT INTO Loan VALUES(132,'West_Bank',119.0,22.0);
CREATE TABLE IF NOT EXISTS "Payment" 
(
   "loan_id"            integer           not null,
   "payment_id"         integer               not null,
   "payment_date"       text,
   "amount"             real,
   constraint PK_PAYMENT primary key ("loan_id", "payment_id"),
   constraint FK_PAYMENT_PAY_LOAN foreign key ("loan_id")
      references "Loan" ("loan_id")
);
INSERT INTO Payment VALUES(0,0,'2019-05-12 12:23:34',12.0);
INSERT INTO Payment VALUES(1,1,'2019-07-12 12:23:34',4.0);
INSERT INTO Payment VALUES(2,2,'2019-06-12 12:23:34',20.0);
INSERT INTO Payment VALUES(3,3,'2019-03-12 12:23:34',20.0);
INSERT INTO Payment VALUES(4,4,'2019-06-12 12:23:34',4.0);
INSERT INTO Payment VALUES(5,5,'2019-06-12 12:23:34',16.0);
INSERT INTO Payment VALUES(6,6,'2019-07-12 12:23:34',11.0);
INSERT INTO Payment VALUES(7,7,'2019-07-12 12:23:34',17.0);
INSERT INTO Payment VALUES(8,8,'2019-06-12 12:23:34',9.0);
INSERT INTO Payment VALUES(9,9,'2019-01-12 12:23:34',0.0);
INSERT INTO Payment VALUES(10,10,'2019-10-12 12:23:34',17.999999999999999999);
INSERT INTO Payment VALUES(11,11,'2019-04-12 12:23:34',19.0);
INSERT INTO Payment VALUES(12,12,'2019-03-12 12:23:34',2.0);
INSERT INTO Payment VALUES(13,13,'2019-01-12 12:23:34',16.0);
INSERT INTO Payment VALUES(14,14,'2019-05-12 12:23:34',1.0);
INSERT INTO Payment VALUES(15,15,'2019-06-12 12:23:34',12.0);
INSERT INTO Payment VALUES(16,16,'2019-08-12 12:23:34',5.0);
INSERT INTO Payment VALUES(17,17,'2019-05-12 12:23:34',12.0);
INSERT INTO Payment VALUES(18,18,'2019-06-12 12:23:34',0.0);
INSERT INTO Payment VALUES(19,19,'2019-02-12 12:23:34',11.0);
INSERT INTO Payment VALUES(20,20,'2019-06-12 12:23:34',1.0);
INSERT INTO Payment VALUES(21,21,'2019-01-12 12:23:34',12.999999999999999999);
INSERT INTO Payment VALUES(22,22,'2019-12-12 12:23:34',16.0);
INSERT INTO Payment VALUES(23,23,'2019-09-12 12:23:34',16.0);
INSERT INTO Payment VALUES(24,24,'2019-09-12 12:23:34',8.0);
INSERT INTO Payment VALUES(25,25,'2019-03-12 12:23:34',2.0);
INSERT INTO Payment VALUES(26,26,'2019-08-12 12:23:34',9.0);
INSERT INTO Payment VALUES(27,27,'2019-02-12 12:23:34',4.0);
INSERT INTO Payment VALUES(28,28,'2019-04-12 12:23:34',2.0);
INSERT INTO Payment VALUES(29,29,'2019-06-12 12:23:34',2.0);
INSERT INTO Payment VALUES(30,30,'2019-03-12 12:23:34',4.0);
INSERT INTO Payment VALUES(31,31,'2019-12-12 12:23:34',6.0);
INSERT INTO Payment VALUES(32,32,'2019-03-12 12:23:34',17.0);
INSERT INTO Payment VALUES(33,33,'2019-07-12 12:23:34',12.999999999999999999);
INSERT INTO Payment VALUES(34,34,'2019-08-12 12:23:34',10.0);
INSERT INTO Payment VALUES(35,35,'2019-04-12 12:23:34',7.0);
INSERT INTO Payment VALUES(36,36,'2019-07-12 12:23:34',10.0);
INSERT INTO Payment VALUES(37,37,'2019-12-12 12:23:34',20.0);
INSERT INTO Payment VALUES(38,38,'2019-05-12 12:23:34',1.0);
INSERT INTO Payment VALUES(39,39,'2019-11-12 12:23:34',13.999999999999999999);
INSERT INTO Payment VALUES(40,40,'2019-11-12 12:23:34',17.999999999999999999);
INSERT INTO Payment VALUES(41,41,'2019-07-12 12:23:34',8.0);
INSERT INTO Payment VALUES(42,42,'2019-07-12 12:23:34',7.0);
INSERT INTO Payment VALUES(43,43,'2019-03-12 12:23:34',9.0);
INSERT INTO Payment VALUES(44,44,'2019-06-12 12:23:34',16.0);
INSERT INTO Payment VALUES(45,45,'2019-03-12 12:23:34',2.0);
INSERT INTO Payment VALUES(46,46,'2019-03-12 12:23:34',12.999999999999999999);
INSERT INTO Payment VALUES(47,47,'2019-10-12 12:23:34',12.999999999999999999);
INSERT INTO Payment VALUES(48,48,'2019-10-12 12:23:34',0.0);
INSERT INTO Payment VALUES(49,49,'2019-05-12 12:23:34',13.999999999999999999);
INSERT INTO Payment VALUES(50,50,'2019-06-12 12:23:34',15.0);
INSERT INTO Payment VALUES(51,51,'2019-08-12 12:23:34',17.999999999999999999);
INSERT INTO Payment VALUES(52,52,'2019-11-12 12:23:34',5.0);
INSERT INTO Payment VALUES(53,53,'2019-01-12 12:23:34',12.0);
INSERT INTO Payment VALUES(54,54,'2019-04-12 12:23:34',11.0);
INSERT INTO Payment VALUES(55,55,'2019-06-12 12:23:34',8.0);
INSERT INTO Payment VALUES(56,56,'2019-03-12 12:23:34',6.0);
INSERT INTO Payment VALUES(57,57,'2019-02-12 12:23:34',4.0);
INSERT INTO Payment VALUES(58,58,'2019-09-12 12:23:34',19.0);
INSERT INTO Payment VALUES(59,59,'2019-12-12 12:23:34',5.0);
INSERT INTO Payment VALUES(60,60,'2019-07-12 12:23:34',7.0);
INSERT INTO Payment VALUES(61,61,'2019-05-12 12:23:34',9.0);
INSERT INTO Payment VALUES(62,62,'2019-01-12 12:23:34',17.999999999999999999);
INSERT INTO Payment VALUES(63,63,'2019-06-12 12:23:34',6.0);
INSERT INTO Payment VALUES(64,64,'2019-02-12 12:23:34',8.0);
INSERT INTO Payment VALUES(65,65,'2019-06-12 12:23:34',9.0);
INSERT INTO Payment VALUES(66,66,'2019-04-12 12:23:34',0.0);
INSERT INTO Payment VALUES(67,67,'2019-04-12 12:23:34',5.0);
INSERT INTO Payment VALUES(68,68,'2019-12-12 12:23:34',5.0);
INSERT INTO Payment VALUES(69,69,'2019-07-12 12:23:34',11.0);
INSERT INTO Payment VALUES(70,70,'2019-12-12 12:23:34',1.0);
INSERT INTO Payment VALUES(71,71,'2019-10-12 12:23:34',1.0);
INSERT INTO Payment VALUES(72,72,'2019-10-12 12:23:34',0.0);
INSERT INTO Payment VALUES(73,73,'2019-11-12 12:23:34',11.0);
INSERT INTO Payment VALUES(74,74,'2019-11-12 12:23:34',15.0);
INSERT INTO Payment VALUES(75,75,'2019-10-12 12:23:34',5.0);
INSERT INTO Payment VALUES(76,76,'2019-01-12 12:23:34',17.999999999999999999);
INSERT INTO Payment VALUES(77,77,'2019-06-12 12:23:34',9.0);
INSERT INTO Payment VALUES(78,78,'2019-06-12 12:23:34',3.0);
INSERT INTO Payment VALUES(79,79,'2019-10-12 12:23:34',8.0);
INSERT INTO Payment VALUES(80,80,'2019-02-12 12:23:34',20.0);
INSERT INTO Payment VALUES(81,81,'2019-10-12 12:23:34',15.0);
INSERT INTO Payment VALUES(82,82,'2019-03-12 12:23:34',16.0);
INSERT INTO Payment VALUES(83,83,'2019-06-12 12:23:34',12.0);
INSERT INTO Payment VALUES(84,84,'2019-08-12 12:23:34',17.999999999999999999);
INSERT INTO Payment VALUES(85,85,'2019-08-12 12:23:34',8.0);
INSERT INTO Payment VALUES(86,86,'2019-11-12 12:23:34',11.0);
INSERT INTO Payment VALUES(87,87,'2019-06-12 12:23:34',11.0);
INSERT INTO Payment VALUES(88,88,'2019-07-12 12:23:34',2.0);
INSERT INTO Payment VALUES(89,89,'2019-09-12 12:23:34',12.999999999999999999);
INSERT INTO Payment VALUES(90,90,'2019-06-12 12:23:34',15.0);
INSERT INTO Payment VALUES(91,91,'2019-03-12 12:23:34',11.0);
INSERT INTO Payment VALUES(92,92,'2019-09-12 12:23:34',0.0);
INSERT INTO Payment VALUES(93,93,'2019-04-12 12:23:34',9.0);
INSERT INTO Payment VALUES(94,94,'2019-07-12 12:23:34',17.0);
INSERT INTO Payment VALUES(95,95,'2019-10-12 12:23:34',0.0);
INSERT INTO Payment VALUES(96,96,'2019-05-12 12:23:34',10.0);
INSERT INTO Payment VALUES(97,97,'2019-03-12 12:23:34',5.0);
INSERT INTO Payment VALUES(98,98,'2019-07-12 12:23:34',3.0);
INSERT INTO Payment VALUES(99,99,'2019-07-12 12:23:34',7.0);
INSERT INTO Payment VALUES(100,100,'2019-06-12 12:23:34',1.0);
INSERT INTO Payment VALUES(101,101,'2019-04-12 12:23:34',0.0);
INSERT INTO Payment VALUES(102,102,'2019-03-12 12:23:34',15.0);
INSERT INTO Payment VALUES(103,103,'2019-02-12 12:23:34',16.0);
INSERT INTO Payment VALUES(104,104,'2019-10-12 12:23:34',10.0);
INSERT INTO Payment VALUES(105,105,'2019-11-12 12:23:34',12.0);
INSERT INTO Payment VALUES(106,106,'2019-06-12 12:23:34',4.0);
INSERT INTO Payment VALUES(107,107,'2019-07-12 12:23:34',12.999999999999999999);
INSERT INTO Payment VALUES(108,108,'2019-05-12 12:23:34',12.0);
INSERT INTO Payment VALUES(109,109,'2019-01-12 12:23:34',9.0);
INSERT INTO Payment VALUES(110,110,'2019-09-12 12:23:34',3.0);
INSERT INTO Payment VALUES(111,111,'2019-02-12 12:23:34',15.0);
INSERT INTO Payment VALUES(112,112,'2019-10-12 12:23:34',17.999999999999999999);
INSERT INTO Payment VALUES(113,113,'2019-05-12 12:23:34',6.0);
INSERT INTO Payment VALUES(114,114,'2019-01-12 12:23:34',20.0);
INSERT INTO Payment VALUES(115,115,'2019-12-12 12:23:34',8.0);
INSERT INTO Payment VALUES(116,116,'2019-12-12 12:23:34',5.0);
INSERT INTO Payment VALUES(117,117,'2019-11-12 12:23:34',12.999999999999999999);
INSERT INTO Payment VALUES(118,118,'2019-07-12 12:23:34',16.0);
INSERT INTO Payment VALUES(119,119,'2019-03-12 12:23:34',12.0);
INSERT INTO Payment VALUES(120,120,'2019-10-12 12:23:34',5.0);
INSERT INTO Payment VALUES(121,121,'2019-12-12 12:23:34',15.0);
INSERT INTO Payment VALUES(122,122,'2019-09-12 12:23:34',0.0);
INSERT INTO Payment VALUES(123,123,'2019-09-12 12:23:34',20.0);
INSERT INTO Payment VALUES(124,124,'2019-02-12 12:23:34',16.0);
INSERT INTO Payment VALUES(125,125,'2019-09-12 12:23:34',11.0);
INSERT INTO Payment VALUES(126,126,'2019-12-12 12:23:34',5.0);
INSERT INTO Payment VALUES(127,127,'2019-03-12 12:23:34',8.0);
INSERT INTO Payment VALUES(128,128,'2019-02-12 12:23:34',9.0);
INSERT INTO Payment VALUES(129,129,'2019-11-12 12:23:34',13.999999999999999999);
INSERT INTO Payment VALUES(130,130,'2019-02-12 12:23:34',17.999999999999999999);
INSERT INTO Payment VALUES(131,131,'2019-01-12 12:23:34',6.0);
INSERT INTO Payment VALUES(132,132,'2019-07-12 12:23:34',12.0);
INSERT INTO Payment VALUES(0,133,'2019-07-12 12:23:34',2.0);
INSERT INTO Payment VALUES(1,134,'2019-09-12 12:23:34',13.999999999999999999);
INSERT INTO Payment VALUES(2,135,'2019-12-12 12:23:34',3.0);
INSERT INTO Payment VALUES(3,136,'2019-04-12 12:23:34',0.0);
INSERT INTO Payment VALUES(4,137,'2019-05-12 12:23:34',6.0);
INSERT INTO Payment VALUES(5,138,'2019-01-12 12:23:34',6.0);
INSERT INTO Payment VALUES(6,139,'2019-01-12 12:23:34',17.999999999999999999);
INSERT INTO Payment VALUES(7,140,'2019-08-12 12:23:34',4.0);
INSERT INTO Payment VALUES(8,141,'2019-03-12 12:23:34',10.0);
INSERT INTO Payment VALUES(9,142,'2019-01-12 12:23:34',3.0);
INSERT INTO Payment VALUES(10,143,'2019-01-12 12:23:34',4.0);
INSERT INTO Payment VALUES(11,144,'2019-03-12 12:23:34',12.0);
INSERT INTO Payment VALUES(12,145,'2019-02-12 12:23:34',1.0);
INSERT INTO Payment VALUES(13,146,'2019-07-12 12:23:34',17.999999999999999999);
INSERT INTO Payment VALUES(14,147,'2019-06-12 12:23:34',9.0);
INSERT INTO Payment VALUES(15,148,'2019-06-12 12:23:34',19.0);
INSERT INTO Payment VALUES(16,149,'2019-03-12 12:23:34',15.0);
INSERT INTO Payment VALUES(17,150,'2019-01-12 12:23:34',11.0);
INSERT INTO Payment VALUES(18,151,'2019-01-12 12:23:34',12.999999999999999999);
INSERT INTO Payment VALUES(19,152,'2019-08-12 12:23:34',12.999999999999999999);
INSERT INTO Payment VALUES(20,153,'2019-01-12 12:23:34',4.0);
INSERT INTO Payment VALUES(21,154,'2019-04-12 12:23:34',2.0);
INSERT INTO Payment VALUES(22,155,'2019-02-12 12:23:34',2.0);
INSERT INTO Payment VALUES(23,156,'2019-02-12 12:23:34',7.0);
INSERT INTO Payment VALUES(24,157,'2019-11-12 12:23:34',1.0);
INSERT INTO Payment VALUES(25,158,'2019-09-12 12:23:34',2.0);
INSERT INTO Payment VALUES(26,159,'2019-09-12 12:23:34',20.0);
INSERT INTO Payment VALUES(27,160,'2019-08-12 12:23:34',2.0);
INSERT INTO Payment VALUES(28,161,'2019-01-12 12:23:34',3.0);
INSERT INTO Payment VALUES(29,162,'2019-07-12 12:23:34',20.0);
INSERT INTO Payment VALUES(30,163,'2019-08-12 12:23:34',8.0);
INSERT INTO Payment VALUES(31,164,'2019-06-12 12:23:34',13.999999999999999999);
INSERT INTO Payment VALUES(32,165,'2019-09-12 12:23:34',17.0);
INSERT INTO Payment VALUES(33,166,'2019-03-12 12:23:34',16.0);
INSERT INTO Payment VALUES(34,167,'2019-04-12 12:23:34',16.0);
INSERT INTO Payment VALUES(35,168,'2019-04-12 12:23:34',13.999999999999999999);
INSERT INTO Payment VALUES(36,169,'2019-08-12 12:23:34',20.0);
INSERT INTO Payment VALUES(37,170,'2019-06-12 12:23:34',15.0);
INSERT INTO Payment VALUES(38,171,'2019-10-12 12:23:34',9.0);
INSERT INTO Payment VALUES(39,172,'2019-12-12 12:23:34',6.0);
INSERT INTO Payment VALUES(40,173,'2019-06-12 12:23:34',2.0);
INSERT INTO Payment VALUES(41,174,'2019-05-12 12:23:34',20.0);
INSERT INTO Payment VALUES(42,175,'2019-09-12 12:23:34',12.999999999999999999);
INSERT INTO Payment VALUES(43,176,'2019-02-12 12:23:34',17.0);
INSERT INTO Payment VALUES(44,177,'2019-03-12 12:23:34',17.999999999999999999);
INSERT INTO Payment VALUES(45,178,'2019-02-12 12:23:34',0.0);
INSERT INTO Payment VALUES(46,179,'2019-11-12 12:23:34',4.0);
INSERT INTO Payment VALUES(47,180,'2019-06-12 12:23:34',16.0);
INSERT INTO Payment VALUES(48,181,'2019-02-12 12:23:34',12.999999999999999999);
INSERT INTO Payment VALUES(49,182,'2019-08-12 12:23:34',16.0);
INSERT INTO Payment VALUES(50,183,'2019-07-12 12:23:34',13.999999999999999999);
INSERT INTO Payment VALUES(51,184,'2019-06-12 12:23:34',12.999999999999999999);
INSERT INTO Payment VALUES(52,185,'2019-03-12 12:23:34',9.0);
INSERT INTO Payment VALUES(53,186,'2019-09-12 12:23:34',7.0);
INSERT INTO Payment VALUES(54,187,'2019-03-12 12:23:34',0.0);
INSERT INTO Payment VALUES(55,188,'2019-01-12 12:23:34',2.0);
INSERT INTO Payment VALUES(56,189,'2019-03-12 12:23:34',15.0);
INSERT INTO Payment VALUES(57,190,'2019-01-12 12:23:34',6.0);
INSERT INTO Payment VALUES(58,191,'2019-04-12 12:23:34',8.0);
INSERT INTO Payment VALUES(59,192,'2019-03-12 12:23:34',19.0);
INSERT INTO Payment VALUES(60,193,'2019-10-12 12:23:34',0.0);
INSERT INTO Payment VALUES(61,194,'2019-06-12 12:23:34',15.0);
INSERT INTO Payment VALUES(62,195,'2019-07-12 12:23:34',9.0);
INSERT INTO Payment VALUES(63,196,'2019-01-12 12:23:34',0.0);
INSERT INTO Payment VALUES(64,197,'2019-06-12 12:23:34',1.0);
INSERT INTO Payment VALUES(65,198,'2019-06-12 12:23:34',15.0);
INSERT INTO Payment VALUES(66,199,'2019-12-12 12:23:34',12.999999999999999999);
INSERT INTO Payment VALUES(67,200,'2019-03-12 12:23:34',17.999999999999999999);
INSERT INTO Payment VALUES(68,201,'2019-08-12 12:23:34',11.0);
INSERT INTO Payment VALUES(69,202,'2019-12-12 12:23:34',12.999999999999999999);
INSERT INTO Payment VALUES(70,203,'2019-10-12 12:23:34',8.0);
INSERT INTO Payment VALUES(71,204,'2019-10-12 12:23:34',2.0);
INSERT INTO Payment VALUES(72,205,'2019-10-12 12:23:34',19.0);
INSERT INTO Payment VALUES(73,206,'2019-10-12 12:23:34',9.0);
INSERT INTO Payment VALUES(74,207,'2019-01-12 12:23:34',10.0);
INSERT INTO Payment VALUES(75,208,'2019-06-12 12:23:34',6.0);
INSERT INTO Payment VALUES(76,209,'2019-11-12 12:23:34',19.0);
INSERT INTO Payment VALUES(77,210,'2019-08-12 12:23:34',4.0);
INSERT INTO Payment VALUES(78,211,'2019-04-12 12:23:34',17.999999999999999999);
INSERT INTO Payment VALUES(79,212,'2019-03-12 12:23:34',12.999999999999999999);
INSERT INTO Payment VALUES(80,213,'2019-04-12 12:23:34',20.0);
INSERT INTO Payment VALUES(81,214,'2019-10-12 12:23:34',10.0);
INSERT INTO Payment VALUES(82,215,'2019-10-12 12:23:34',1.0);
INSERT INTO Payment VALUES(83,216,'2019-11-12 12:23:34',19.0);
INSERT INTO Payment VALUES(84,217,'2019-04-12 12:23:34',1.0);
INSERT INTO Payment VALUES(85,218,'2019-04-12 12:23:34',0.0);
INSERT INTO Payment VALUES(86,219,'2019-02-12 12:23:34',15.0);
INSERT INTO Payment VALUES(87,220,'2019-03-12 12:23:34',16.0);
INSERT INTO Payment VALUES(88,221,'2019-12-12 12:23:34',17.0);
INSERT INTO Payment VALUES(89,222,'2019-05-12 12:23:34',6.0);
INSERT INTO Payment VALUES(90,223,'2019-03-12 12:23:34',17.0);
INSERT INTO Payment VALUES(91,224,'2019-11-12 12:23:34',10.0);
INSERT INTO Payment VALUES(92,225,'2019-02-12 12:23:34',16.0);
INSERT INTO Payment VALUES(93,226,'2019-03-12 12:23:34',11.0);
INSERT INTO Payment VALUES(94,227,'2019-03-12 12:23:34',11.0);
INSERT INTO Payment VALUES(95,228,'2019-11-12 12:23:34',20.0);
INSERT INTO Payment VALUES(96,229,'2019-08-12 12:23:34',10.0);
INSERT INTO Payment VALUES(97,230,'2019-03-12 12:23:34',17.999999999999999999);
INSERT INTO Payment VALUES(98,231,'2019-05-12 12:23:34',16.0);
INSERT INTO Payment VALUES(99,232,'2019-03-12 12:23:34',20.0);
INSERT INTO Payment VALUES(100,233,'2019-12-12 12:23:34',11.0);
INSERT INTO Payment VALUES(101,234,'2019-02-12 12:23:34',8.0);
INSERT INTO Payment VALUES(102,235,'2019-07-12 12:23:34',2.0);
INSERT INTO Payment VALUES(103,236,'2019-01-12 12:23:34',5.0);
INSERT INTO Payment VALUES(104,237,'2019-03-12 12:23:34',17.999999999999999999);
INSERT INTO Payment VALUES(105,238,'2019-06-12 12:23:34',1.0);
INSERT INTO Payment VALUES(106,239,'2019-08-12 12:23:34',1.0);
INSERT INTO Payment VALUES(107,240,'2019-10-12 12:23:34',15.0);
INSERT INTO Payment VALUES(108,241,'2019-04-12 12:23:34',10.0);
INSERT INTO Payment VALUES(109,242,'2019-03-12 12:23:34',8.0);
INSERT INTO Payment VALUES(110,243,'2019-04-12 12:23:34',19.0);
INSERT INTO Payment VALUES(111,244,'2019-07-12 12:23:34',3.0);
INSERT INTO Payment VALUES(112,245,'2019-01-12 12:23:34',7.0);
INSERT INTO Payment VALUES(113,246,'2019-01-12 12:23:34',0.0);
INSERT INTO Payment VALUES(114,247,'2019-03-12 12:23:34',19.0);
INSERT INTO Payment VALUES(115,248,'2019-12-12 12:23:34',17.0);
INSERT INTO Payment VALUES(116,249,'2019-12-12 12:23:34',1.0);
INSERT INTO Payment VALUES(117,250,'2019-11-12 12:23:34',10.0);
INSERT INTO Payment VALUES(118,251,'2019-09-12 12:23:34',9.0);
INSERT INTO Payment VALUES(119,252,'2019-11-12 12:23:34',0.0);
INSERT INTO Payment VALUES(120,253,'2019-01-12 12:23:34',17.999999999999999999);
INSERT INTO Payment VALUES(121,254,'2019-04-12 12:23:34',12.0);
INSERT INTO Payment VALUES(122,255,'2019-05-12 12:23:34',0.0);
INSERT INTO Payment VALUES(123,256,'2019-08-12 12:23:34',15.0);
INSERT INTO Payment VALUES(124,257,'2019-01-12 12:23:34',16.0);
INSERT INTO Payment VALUES(125,258,'2019-09-12 12:23:34',17.0);
INSERT INTO Payment VALUES(126,259,'2019-03-12 12:23:34',6.0);
INSERT INTO Payment VALUES(127,260,'2019-07-12 12:23:34',9.0);
INSERT INTO Payment VALUES(128,261,'2019-12-12 12:23:34',9.0);
INSERT INTO Payment VALUES(129,262,'2019-12-12 12:23:34',12.0);
INSERT INTO Payment VALUES(130,263,'2019-03-12 12:23:34',4.0);
INSERT INTO Payment VALUES(131,264,'2019-08-12 12:23:34',15.0);
INSERT INTO Payment VALUES(132,265,'2019-09-12 12:23:34',10.0);
CREATE TABLE IF NOT EXISTS "Saving_Account" 
(
   "Account_id"         integer               not null,
   "branch_name"        text                 not null,
   "balance"            real,
   "open_date"          text,
   "interest_rate"      real,
   "currency_type"      text,
   constraint PK_SAVING_Account primary key ("Account_id"),
   constraint FK_SAVING_A_Account_IN_Account foreign key ("Account_id")
      references "Account" ("Account_id"),
   constraint FK_Saving_ACCOUNT_OPEN_ACCO_BRANCH foreign key ("branch_name")
      references "Branch" ("branch_name")
);
INSERT INTO Saving_Account VALUES(0,'North_Bank',17.0,'2019-09-12 12:23:34',0.48102000000000000312,'USD');
INSERT INTO Saving_Account VALUES(1,'North_Bank',70.999999999999999999,'2019-06-12 12:23:34',0.096272999999999997466,'RMB');
INSERT INTO Saving_Account VALUES(2,'West_Bank',66.999999999999999998,'2019-10-12 12:23:34',0.55038399999999998435,'USD');
INSERT INTO Saving_Account VALUES(3,'West_Bank',17.999999999999999999,'2019-12-12 12:23:34',0.12538799999999999945,'RMB');
INSERT INTO Saving_Account VALUES(4,'East_Bank',6.0,'2019-01-12 12:23:34',0.4339160000000000239,'RMB');
INSERT INTO Saving_Account VALUES(5,'West_Bank',55.999999999999999999,'2019-01-12 12:23:34',0.35156799999999999162,'RMB');
INSERT INTO Saving_Account VALUES(6,'North_Bank',1.0,'2019-09-12 12:23:34',0.77284799999999997943,'USD');
INSERT INTO Saving_Account VALUES(7,'West_Bank',8.0,'2019-11-12 12:23:34',0.75682499999999996997,'RMB');
INSERT INTO Saving_Account VALUES(8,'South_Bank',37.0,'2019-06-12 12:23:34',0.1120450000000000057,'RMB');
INSERT INTO Saving_Account VALUES(9,'South_Bank',54.0,'2019-11-12 12:23:34',0.75923300000000004672,'USD');
INSERT INTO Saving_Account VALUES(10,'West_Bank',65.999999999999999999,'2019-06-12 12:23:34',0.47126499999999998946,'RMB');
INSERT INTO Saving_Account VALUES(11,'East_Bank',35.999999999999999999,'2019-12-12 12:23:34',0.30866599999999999592,'RMB');
INSERT INTO Saving_Account VALUES(12,'West_Bank',55.0,'2019-11-12 12:23:34',0.64268300000000000427,'RMB');
INSERT INTO Saving_Account VALUES(13,'East_Bank',22.999999999999999999,'2019-08-12 12:23:34',0.79141700000000003711,'RMB');
INSERT INTO Saving_Account VALUES(14,'South_Bank',35.0,'2019-12-12 12:23:34',0.061925000000000000877,'RMB');
INSERT INTO Saving_Account VALUES(15,'South_Bank',12.999999999999999999,'2019-05-12 12:23:34',0.50079600000000001891,'USD');
INSERT INTO Saving_Account VALUES(16,'East_Bank',96.999999999999999998,'2019-07-12 12:23:34',0.54788199999999998013,'USD');
INSERT INTO Saving_Account VALUES(17,'South_Bank',10.0,'2019-12-12 12:23:34',0.20377999999999998892,'RMB');
INSERT INTO Saving_Account VALUES(18,'East_Bank',4.0,'2019-01-12 12:23:34',0.24401300000000000767,'USD');
INSERT INTO Saving_Account VALUES(19,'North_Bank',32.0,'2019-04-12 12:23:34',0.96310700000000004639,'USD');
INSERT INTO Saving_Account VALUES(20,'North_Bank',58.000000000000000001,'2019-02-12 12:23:34',0.59653299999999997993,'RMB');
INSERT INTO Saving_Account VALUES(21,'South_Bank',74.0,'2019-12-12 12:23:34',0.99537299999999995225,'USD');
INSERT INTO Saving_Account VALUES(22,'West_Bank',17.999999999999999999,'2019-12-12 12:23:34',0.57376199999999999423,'RMB');
INSERT INTO Saving_Account VALUES(23,'South_Bank',88.999999999999999996,'2019-08-12 12:23:34',0.6646549999999999958,'USD');
INSERT INTO Saving_Account VALUES(24,'North_Bank',4.0,'2019-10-12 12:23:34',0.17434399999999999897,'RMB');
INSERT INTO Saving_Account VALUES(25,'East_Bank',9.0,'2019-11-12 12:23:34',0.47753200000000001201,'RMB');
INSERT INTO Saving_Account VALUES(26,'West_Bank',2.0,'2019-02-12 12:23:34',0.53366499999999994496,'USD');
INSERT INTO Saving_Account VALUES(27,'South_Bank',8.0,'2019-06-12 12:23:34',0.10895100000000000617,'USD');
INSERT INTO Saving_Account VALUES(28,'North_Bank',68.000000000000000001,'2019-05-12 12:23:34',0.6004610000000000225,'RMB');
INSERT INTO Saving_Account VALUES(29,'North_Bank',71.999999999999999998,'2019-03-12 12:23:34',0.86085500000000003684,'USD');
INSERT INTO Saving_Account VALUES(30,'West_Bank',95.0,'2019-01-12 12:23:34',0.50972499999999998365,'USD');
INSERT INTO Saving_Account VALUES(31,'East_Bank',88.999999999999999996,'2019-01-12 12:23:34',0.14929600000000001203,'RMB');
INSERT INTO Saving_Account VALUES(32,'South_Bank',46.999999999999999998,'2019-03-12 12:23:34',0.87568199999999996041,'RMB');
INSERT INTO Saving_Account VALUES(33,'West_Bank',96.999999999999999998,'2019-03-12 12:23:34',0.61899099999999995791,'RMB');
INSERT INTO Saving_Account VALUES(34,'South_Bank',1.0,'2019-06-12 12:23:34',0.75413399999999997103,'RMB');
INSERT INTO Saving_Account VALUES(35,'East_Bank',4.0,'2019-03-12 12:23:34',0.45324799999999998423,'RMB');
INSERT INTO Saving_Account VALUES(36,'North_Bank',88.999999999999999996,'2019-08-12 12:23:34',0.88369799999999998352,'USD');
INSERT INTO Saving_Account VALUES(37,'South_Bank',30.0,'2019-07-12 12:23:34',0.47293099999999999027,'USD');
INSERT INTO Saving_Account VALUES(38,'West_Bank',48.000000000000000001,'2019-03-12 12:23:34',0.22018999999999999683,'RMB');
INSERT INTO Saving_Account VALUES(39,'North_Bank',63.000000000000000001,'2019-06-12 12:23:34',0.214241999999999988,'RMB');
INSERT INTO Saving_Account VALUES(40,'West_Bank',12.999999999999999999,'2019-04-12 12:23:34',0.44839600000000001678,'RMB');
INSERT INTO Saving_Account VALUES(41,'North_Bank',81.000000000000000003,'2019-04-12 12:23:34',0.92470799999999997442,'USD');
INSERT INTO Saving_Account VALUES(42,'West_Bank',64.0,'2019-01-12 12:23:34',0.27885199999999998876,'USD');
INSERT INTO Saving_Account VALUES(43,'West_Bank',5.0,'2019-08-12 12:23:34',0.66229400000000004933,'RMB');
INSERT INTO Saving_Account VALUES(44,'East_Bank',75.999999999999999999,'2019-11-12 12:23:34',0.49940200000000001256,'USD');
INSERT INTO Saving_Account VALUES(45,'South_Bank',0.0,'2019-03-12 12:23:34',0.064947000000000004726,'RMB');
INSERT INTO Saving_Account VALUES(46,'South_Bank',1.0,'2019-10-12 12:23:34',0.92745999999999995111,'RMB');
INSERT INTO Saving_Account VALUES(47,'North_Bank',66.999999999999999998,'2019-05-12 12:23:34',0.79116600000000003589,'USD');
INSERT INTO Saving_Account VALUES(48,'West_Bank',75.0,'2019-05-12 12:23:34',0.55613100000000004197,'RMB');
INSERT INTO Saving_Account VALUES(49,'North_Bank',30.999999999999999999,'2019-04-12 12:23:34',0.95177500000000003765,'USD');
INSERT INTO Saving_Account VALUES(50,'East_Bank',40.0,'2019-08-12 12:23:34',0.89498500000000003051,'RMB');
INSERT INTO Saving_Account VALUES(51,'North_Bank',96.000000000000000003,'2019-06-12 12:23:34',0.60256900000000002126,'USD');
INSERT INTO Saving_Account VALUES(52,'South_Bank',13.999999999999999999,'2019-08-12 12:23:34',0.23528199999999999114,'RMB');
INSERT INTO Saving_Account VALUES(53,'West_Bank',40.999999999999999999,'2019-03-12 12:23:34',0.051184000000000000329,'RMB');
INSERT INTO Saving_Account VALUES(54,'West_Bank',40.0,'2019-04-12 12:23:34',0.080016000000000003788,'USD');
INSERT INTO Saving_Account VALUES(55,'West_Bank',37.0,'2019-07-12 12:23:34',0.023060000000000000636,'RMB');
INSERT INTO Saving_Account VALUES(56,'East_Bank',54.0,'2019-05-12 12:23:34',0.42083399999999998586,'USD');
INSERT INTO Saving_Account VALUES(57,'West_Bank',17.999999999999999999,'2019-06-12 12:23:34',0.31735999999999997545,'RMB');
INSERT INTO Saving_Account VALUES(58,'North_Bank',66.999999999999999998,'2019-02-12 12:23:34',0.052402999999999998193,'RMB');
INSERT INTO Saving_Account VALUES(59,'North_Bank',68.000000000000000001,'2019-03-12 12:23:34',0.74112900000000003775,'USD');
INSERT INTO Saving_Account VALUES(60,'North_Bank',70.999999999999999999,'2019-08-12 12:23:34',0.9047849999999999504,'USD');
INSERT INTO Saving_Account VALUES(61,'East_Bank',29.0,'2019-02-12 12:23:34',0.53949000000000002508,'USD');
INSERT INTO Saving_Account VALUES(62,'East_Bank',68.000000000000000001,'2019-09-12 12:23:34',0.56484400000000001274,'RMB');
INSERT INTO Saving_Account VALUES(63,'East_Bank',55.999999999999999999,'2019-03-12 12:23:34',0.93495700000000003804,'RMB');
INSERT INTO Saving_Account VALUES(64,'South_Bank',20.999999999999999999,'2019-07-12 12:23:34',0.6259200000000000319,'RMB');
INSERT INTO Saving_Account VALUES(65,'North_Bank',91.999999999999999998,'2019-12-12 12:23:34',0.20811399999999999343,'USD');
INSERT INTO Saving_Account VALUES(66,'South_Bank',79.0,'2019-05-12 12:23:34',0.19798299999999999232,'USD');
INSERT INTO Saving_Account VALUES(67,'East_Bank',79.0,'2019-02-12 12:23:34',0.85279799999999994497,'RMB');
INSERT INTO Saving_Account VALUES(68,'West_Bank',88.000000000000000001,'2019-05-12 12:23:34',0.35409600000000002184,'USD');
INSERT INTO Saving_Account VALUES(69,'North_Bank',25.0,'2019-05-12 12:23:34',0.097392000000000006343,'RMB');
INSERT INTO Saving_Account VALUES(70,'West_Bank',71.999999999999999998,'2019-05-12 12:23:34',0.16312799999999999522,'USD');
INSERT INTO Saving_Account VALUES(71,'South_Bank',13.999999999999999999,'2019-05-12 12:23:34',0.65360700000000004905,'USD');
INSERT INTO Saving_Account VALUES(72,'South_Bank',65.999999999999999999,'2019-10-12 12:23:34',0.86399599999999998622,'RMB');
INSERT INTO Saving_Account VALUES(73,'South_Bank',86.999999999999999998,'2019-10-12 12:23:34',0.28245199999999998086,'RMB');
INSERT INTO Saving_Account VALUES(74,'East_Bank',50.999999999999999999,'2019-05-12 12:23:34',0.5388169999999999904,'USD');
INSERT INTO Saving_Account VALUES(75,'South_Bank',75.999999999999999999,'2019-10-12 12:23:34',0.24938099999999999156,'RMB');
INSERT INTO Saving_Account VALUES(76,'East_Bank',71.999999999999999998,'2019-12-12 12:23:34',0.33517799999999997595,'RMB');
INSERT INTO Saving_Account VALUES(77,'North_Bank',64.0,'2019-07-12 12:23:34',0.044006000000000003447,'USD');
INSERT INTO Saving_Account VALUES(78,'West_Bank',30.0,'2019-01-12 12:23:34',0.5231580000000000119,'USD');
INSERT INTO Saving_Account VALUES(79,'South_Bank',12.999999999999999999,'2019-01-12 12:23:34',0.22036200000000000231,'USD');
INSERT INTO Saving_Account VALUES(80,'East_Bank',88.999999999999999996,'2019-01-12 12:23:34',0.209763000000000005,'USD');
INSERT INTO Saving_Account VALUES(81,'East_Bank',80.0,'2019-10-12 12:23:34',0.56511100000000002996,'USD');
INSERT INTO Saving_Account VALUES(82,'West_Bank',15.0,'2019-07-12 12:23:34',0.23084999999999999964,'RMB');
INSERT INTO Saving_Account VALUES(83,'West_Bank',76.999999999999999998,'2019-01-12 12:23:34',0.43157899999999999041,'RMB');
INSERT INTO Saving_Account VALUES(84,'South_Bank',95.0,'2019-05-12 12:23:34',0.1825330000000000008,'USD');
INSERT INTO Saving_Account VALUES(85,'East_Bank',65.999999999999999999,'2019-09-12 12:23:34',0.8240600000000000147,'USD');
INSERT INTO Saving_Account VALUES(86,'North_Bank',75.999999999999999999,'2019-02-12 12:23:34',0.78524499999999997079,'RMB');
INSERT INTO Saving_Account VALUES(87,'South_Bank',4.0,'2019-02-12 12:23:34',0.65756899999999995909,'RMB');
INSERT INTO Saving_Account VALUES(88,'North_Bank',61.999999999999999998,'2019-09-12 12:23:34',0.7290210000000000301,'USD');
INSERT INTO Saving_Account VALUES(89,'South_Bank',39.0,'2019-08-12 12:23:34',0.9972860000000000058,'USD');
INSERT INTO Saving_Account VALUES(90,'East_Bank',74.0,'2019-10-12 12:23:34',0.24697199999999999708,'RMB');
INSERT INTO Saving_Account VALUES(91,'East_Bank',98.000000000000000001,'2019-03-12 12:23:34',0.62353199999999997515,'RMB');
INSERT INTO Saving_Account VALUES(92,'South_Bank',63.000000000000000001,'2019-04-12 12:23:34',0.88459200000000004493,'USD');
INSERT INTO Saving_Account VALUES(93,'East_Bank',25.999999999999999999,'2019-12-12 12:23:34',0.41194399999999997685,'RMB');
INSERT INTO Saving_Account VALUES(94,'North_Bank',15.0,'2019-08-12 12:23:34',0.82207799999999997542,'RMB');
INSERT INTO Saving_Account VALUES(95,'West_Bank',53.000000000000000001,'2019-12-12 12:23:34',0.85332600000000002893,'RMB');
INSERT INTO Saving_Account VALUES(96,'South_Bank',30.0,'2019-05-12 12:23:34',0.67210700000000000997,'RMB');
INSERT INTO Saving_Account VALUES(97,'North_Bank',65.0,'2019-07-12 12:23:34',0.094078999999999995962,'RMB');
INSERT INTO Saving_Account VALUES(98,'East_Bank',65.999999999999999999,'2019-05-12 12:23:34',0.73585800000000001208,'RMB');
INSERT INTO Saving_Account VALUES(99,'South_Bank',17.999999999999999999,'2019-10-12 12:23:34',0.091594999999999995865,'USD');
INSERT INTO Saving_Account VALUES(100,'South_Bank',100.0,'2019-07-12 12:23:34',0.75324699999999999988,'RMB');
INSERT INTO Saving_Account VALUES(101,'East_Bank',49.0,'2019-12-12 12:23:34',0.7723640000000000505,'RMB');
INSERT INTO Saving_Account VALUES(102,'North_Bank',98.999999999999999996,'2019-06-12 12:23:34',0.23677699999999998747,'USD');
INSERT INTO Saving_Account VALUES(103,'South_Bank',11.0,'2019-10-12 12:23:34',0.12411999999999999422,'USD');
INSERT INTO Saving_Account VALUES(104,'North_Bank',41.999999999999999998,'2019-06-12 12:23:34',0.98260199999999997544,'RMB');
INSERT INTO Saving_Account VALUES(105,'North_Bank',22.999999999999999999,'2019-10-12 12:23:34',0.68134300000000003194,'USD');
INSERT INTO Saving_Account VALUES(106,'South_Bank',35.999999999999999999,'2019-08-12 12:23:34',0.12126199999999999479,'RMB');
INSERT INTO Saving_Account VALUES(107,'East_Bank',11.0,'2019-08-12 12:23:34',0.87831999999999998962,'USD');
INSERT INTO Saving_Account VALUES(108,'East_Bank',13.999999999999999999,'2019-01-12 12:23:34',0.041792000000000002757,'USD');
INSERT INTO Saving_Account VALUES(109,'North_Bank',64.0,'2019-01-12 12:23:34',0.42952800000000002089,'RMB');
INSERT INTO Saving_Account VALUES(110,'East_Bank',81.999999999999999998,'2019-08-12 12:23:34',0.21803900000000001058,'RMB');
INSERT INTO Saving_Account VALUES(111,'West_Bank',12.0,'2019-05-12 12:23:34',0.68895799999999995932,'RMB');
INSERT INTO Saving_Account VALUES(112,'West_Bank',68.000000000000000001,'2019-07-12 12:23:34',0.039137999999999999178,'USD');
INSERT INTO Saving_Account VALUES(113,'North_Bank',78.000000000000000001,'2019-09-12 12:23:34',0.19863900000000001,'USD');
INSERT INTO Saving_Account VALUES(114,'South_Bank',29.0,'2019-05-12 12:23:34',0.99471299999999995833,'RMB');
INSERT INTO Saving_Account VALUES(115,'West_Bank',8.0,'2019-10-12 12:23:34',0.417354999999999976,'USD');
INSERT INTO Saving_Account VALUES(116,'North_Bank',43.000000000000000001,'2019-01-12 12:23:34',0.48067599999999999216,'USD');
INSERT INTO Saving_Account VALUES(117,'East_Bank',58.000000000000000001,'2019-10-12 12:23:34',0.15058699999999999863,'USD');
INSERT INTO Saving_Account VALUES(118,'South_Bank',44.0,'2019-05-12 12:23:34',0.84135899999999996801,'RMB');
INSERT INTO Saving_Account VALUES(119,'South_Bank',40.0,'2019-07-12 12:23:34',0.50148800000000004484,'USD');
INSERT INTO Saving_Account VALUES(120,'West_Bank',81.999999999999999998,'2019-02-12 12:23:34',0.92246600000000000818,'RMB');
INSERT INTO Saving_Account VALUES(121,'North_Bank',81.999999999999999998,'2019-10-12 12:23:34',0.79561000000000003939,'RMB');
INSERT INTO Saving_Account VALUES(122,'South_Bank',44.0,'2019-01-12 12:23:34',0.46988499999999999712,'USD');
INSERT INTO Saving_Account VALUES(123,'West_Bank',27.0,'2019-04-12 12:23:34',0.85681600000000002204,'RMB');
INSERT INTO Saving_Account VALUES(124,'South_Bank',46.999999999999999998,'2019-08-12 12:23:34',0.70633100000000004214,'USD');
INSERT INTO Saving_Account VALUES(125,'South_Bank',81.999999999999999998,'2019-08-12 12:23:34',0.91994200000000003747,'USD');
INSERT INTO Saving_Account VALUES(126,'West_Bank',34.0,'2019-12-12 12:23:34',0.20995700000000000473,'RMB');
INSERT INTO Saving_Account VALUES(127,'South_Bank',22.0,'2019-08-12 12:23:34',0.79151199999999999334,'USD');
INSERT INTO Saving_Account VALUES(128,'East_Bank',88.999999999999999996,'2019-07-12 12:23:34',0.3923610000000000153,'USD');
INSERT INTO Saving_Account VALUES(129,'West_Bank',60.999999999999999999,'2019-01-12 12:23:34',0.41010799999999997256,'RMB');
INSERT INTO Saving_Account VALUES(130,'South_Bank',88.000000000000000001,'2019-12-12 12:23:34',0.65654800000000002047,'RMB');
INSERT INTO Saving_Account VALUES(131,'North_Bank',22.0,'2019-12-12 12:23:34',0.20066400000000000902,'RMB');
INSERT INTO Saving_Account VALUES(132,'North_Bank',34.0,'2019-12-12 12:23:34',0.9199549999999999672,'USD');
CREATE TABLE IF NOT EXISTS "borrow" 
(
   "customer_id"        integer               not null,
   "loan_id"            integer           not null,
   constraint PK_BORROW primary key ("customer_id", "loan_id"),
   constraint FK_BORROW_BORROW_CUSTOMER foreign key ("customer_id")
      references "Customer" ("customer_id"),
   constraint FK_BORROW_BORROW2_LOAN foreign key ("loan_id")
      references "Loan" ("loan_id")
);
INSERT INTO borrow VALUES(0,132);
INSERT INTO borrow VALUES(1,131);
INSERT INTO borrow VALUES(2,130);
INSERT INTO borrow VALUES(3,129);
INSERT INTO borrow VALUES(4,128);
INSERT INTO borrow VALUES(5,127);
INSERT INTO borrow VALUES(6,126);
INSERT INTO borrow VALUES(7,125);
INSERT INTO borrow VALUES(8,124);
INSERT INTO borrow VALUES(9,123);
INSERT INTO borrow VALUES(10,122);
INSERT INTO borrow VALUES(11,121);
INSERT INTO borrow VALUES(12,120);
INSERT INTO borrow VALUES(13,119);
INSERT INTO borrow VALUES(14,118);
INSERT INTO borrow VALUES(15,117);
INSERT INTO borrow VALUES(16,116);
INSERT INTO borrow VALUES(17,115);
INSERT INTO borrow VALUES(18,114);
INSERT INTO borrow VALUES(19,113);
INSERT INTO borrow VALUES(20,112);
INSERT INTO borrow VALUES(21,111);
INSERT INTO borrow VALUES(22,110);
INSERT INTO borrow VALUES(23,109);
INSERT INTO borrow VALUES(24,108);
INSERT INTO borrow VALUES(25,107);
INSERT INTO borrow VALUES(26,106);
INSERT INTO borrow VALUES(27,105);
INSERT INTO borrow VALUES(28,104);
INSERT INTO borrow VALUES(29,103);
INSERT INTO borrow VALUES(30,102);
INSERT INTO borrow VALUES(31,101);
INSERT INTO borrow VALUES(32,100);
INSERT INTO borrow VALUES(33,99);
INSERT INTO borrow VALUES(34,98);
INSERT INTO borrow VALUES(35,97);
INSERT INTO borrow VALUES(36,96);
INSERT INTO borrow VALUES(37,95);
INSERT INTO borrow VALUES(38,94);
INSERT INTO borrow VALUES(39,93);
INSERT INTO borrow VALUES(40,92);
INSERT INTO borrow VALUES(41,91);
INSERT INTO borrow VALUES(42,90);
INSERT INTO borrow VALUES(43,89);
INSERT INTO borrow VALUES(44,88);
INSERT INTO borrow VALUES(45,87);
INSERT INTO borrow VALUES(46,86);
INSERT INTO borrow VALUES(47,85);
INSERT INTO borrow VALUES(48,84);
INSERT INTO borrow VALUES(49,83);
INSERT INTO borrow VALUES(50,82);
INSERT INTO borrow VALUES(51,81);
INSERT INTO borrow VALUES(52,80);
INSERT INTO borrow VALUES(53,79);
INSERT INTO borrow VALUES(54,78);
INSERT INTO borrow VALUES(55,77);
INSERT INTO borrow VALUES(56,76);
INSERT INTO borrow VALUES(57,75);
INSERT INTO borrow VALUES(58,74);
INSERT INTO borrow VALUES(59,73);
INSERT INTO borrow VALUES(60,72);
INSERT INTO borrow VALUES(61,71);
INSERT INTO borrow VALUES(62,70);
INSERT INTO borrow VALUES(63,69);
INSERT INTO borrow VALUES(64,68);
INSERT INTO borrow VALUES(65,67);
INSERT INTO borrow VALUES(66,66);
INSERT INTO borrow VALUES(67,65);
INSERT INTO borrow VALUES(68,64);
INSERT INTO borrow VALUES(69,63);
INSERT INTO borrow VALUES(70,62);
INSERT INTO borrow VALUES(71,61);
INSERT INTO borrow VALUES(72,60);
INSERT INTO borrow VALUES(73,59);
INSERT INTO borrow VALUES(74,58);
INSERT INTO borrow VALUES(75,57);
INSERT INTO borrow VALUES(76,56);
INSERT INTO borrow VALUES(77,55);
INSERT INTO borrow VALUES(78,54);
INSERT INTO borrow VALUES(79,53);
INSERT INTO borrow VALUES(80,52);
INSERT INTO borrow VALUES(81,51);
INSERT INTO borrow VALUES(82,50);
INSERT INTO borrow VALUES(83,49);
INSERT INTO borrow VALUES(84,48);
INSERT INTO borrow VALUES(85,47);
INSERT INTO borrow VALUES(86,46);
INSERT INTO borrow VALUES(87,45);
INSERT INTO borrow VALUES(88,44);
INSERT INTO borrow VALUES(89,43);
INSERT INTO borrow VALUES(90,42);
INSERT INTO borrow VALUES(91,41);
INSERT INTO borrow VALUES(92,40);
INSERT INTO borrow VALUES(93,39);
INSERT INTO borrow VALUES(94,38);
INSERT INTO borrow VALUES(95,37);
INSERT INTO borrow VALUES(96,36);
INSERT INTO borrow VALUES(97,35);
INSERT INTO borrow VALUES(98,34);
INSERT INTO borrow VALUES(99,33);
INSERT INTO borrow VALUES(100,32);
INSERT INTO borrow VALUES(101,31);
INSERT INTO borrow VALUES(102,30);
INSERT INTO borrow VALUES(103,29);
INSERT INTO borrow VALUES(104,28);
INSERT INTO borrow VALUES(105,27);
INSERT INTO borrow VALUES(106,26);
INSERT INTO borrow VALUES(107,25);
INSERT INTO borrow VALUES(108,24);
INSERT INTO borrow VALUES(109,23);
INSERT INTO borrow VALUES(110,22);
INSERT INTO borrow VALUES(111,21);
INSERT INTO borrow VALUES(112,20);
INSERT INTO borrow VALUES(113,19);
INSERT INTO borrow VALUES(114,18);
INSERT INTO borrow VALUES(115,17);
INSERT INTO borrow VALUES(116,16);
INSERT INTO borrow VALUES(117,15);
INSERT INTO borrow VALUES(118,14);
INSERT INTO borrow VALUES(119,13);
INSERT INTO borrow VALUES(120,12);
INSERT INTO borrow VALUES(121,11);
INSERT INTO borrow VALUES(122,10);
INSERT INTO borrow VALUES(123,9);
INSERT INTO borrow VALUES(124,8);
INSERT INTO borrow VALUES(125,7);
INSERT INTO borrow VALUES(126,6);
INSERT INTO borrow VALUES(127,5);
INSERT INTO borrow VALUES(128,4);
INSERT INTO borrow VALUES(129,3);
INSERT INTO borrow VALUES(130,2);
INSERT INTO borrow VALUES(131,1);
INSERT INTO borrow VALUES(132,0);
CREATE TABLE IF NOT EXISTS "depositor" 
(
   "Account_id"         integer               not null,
   "customer_id"        integer               not null,
   "access_date"        text,
   constraint PK_DEPOSITOR primary key ("Account_id", "customer_id"),
   constraint FK_DEPOSITO_DEPOSITOR_Account foreign key ("Account_id")
      references "Account" ("Account_id"),
   constraint FK_DEPOSITO_DEPOSITOR_CUSTOMER foreign key ("customer_id")
      references "Customer" ("customer_id")
);
INSERT INTO depositor VALUES(0,132,'2019-02-12 12:23:34');
INSERT INTO depositor VALUES(1,131,'2019-06-12 12:23:34');
INSERT INTO depositor VALUES(2,130,'2019-02-12 12:23:34');
INSERT INTO depositor VALUES(3,129,'2019-06-12 12:23:34');
INSERT INTO depositor VALUES(4,128,'2019-04-12 12:23:34');
INSERT INTO depositor VALUES(5,127,'2019-01-12 12:23:34');
INSERT INTO depositor VALUES(6,126,'2019-10-12 12:23:34');
INSERT INTO depositor VALUES(7,125,'2019-08-12 12:23:34');
INSERT INTO depositor VALUES(8,124,'2019-08-12 12:23:34');
INSERT INTO depositor VALUES(9,123,'2019-04-12 12:23:34');
INSERT INTO depositor VALUES(10,122,'2019-12-12 12:23:34');
INSERT INTO depositor VALUES(11,121,'2019-10-12 12:23:34');
INSERT INTO depositor VALUES(12,120,'2019-02-12 12:23:34');
INSERT INTO depositor VALUES(13,119,'2019-03-12 12:23:34');
INSERT INTO depositor VALUES(14,118,'2019-10-12 12:23:34');
INSERT INTO depositor VALUES(15,117,'2019-09-12 12:23:34');
INSERT INTO depositor VALUES(16,116,'2019-02-12 12:23:34');
INSERT INTO depositor VALUES(17,115,'2019-08-12 12:23:34');
INSERT INTO depositor VALUES(18,114,'2019-08-12 12:23:34');
INSERT INTO depositor VALUES(19,113,'2019-04-12 12:23:34');
INSERT INTO depositor VALUES(20,112,'2019-06-12 12:23:34');
INSERT INTO depositor VALUES(21,111,'2019-01-12 12:23:34');
INSERT INTO depositor VALUES(22,110,'2019-06-12 12:23:34');
INSERT INTO depositor VALUES(23,109,'2019-08-12 12:23:34');
INSERT INTO depositor VALUES(24,108,'2019-06-12 12:23:34');
INSERT INTO depositor VALUES(25,107,'2019-12-12 12:23:34');
INSERT INTO depositor VALUES(26,106,'2019-03-12 12:23:34');
INSERT INTO depositor VALUES(27,105,'2019-08-12 12:23:34');
INSERT INTO depositor VALUES(28,104,'2019-04-12 12:23:34');
INSERT INTO depositor VALUES(29,103,'2019-03-12 12:23:34');
INSERT INTO depositor VALUES(30,102,'2019-03-12 12:23:34');
INSERT INTO depositor VALUES(31,101,'2019-09-12 12:23:34');
INSERT INTO depositor VALUES(32,100,'2019-07-12 12:23:34');
INSERT INTO depositor VALUES(33,99,'2019-01-12 12:23:34');
INSERT INTO depositor VALUES(34,98,'2019-05-12 12:23:34');
INSERT INTO depositor VALUES(35,97,'2019-06-12 12:23:34');
INSERT INTO depositor VALUES(36,96,'2019-03-12 12:23:34');
INSERT INTO depositor VALUES(37,95,'2019-09-12 12:23:34');
INSERT INTO depositor VALUES(38,94,'2019-12-12 12:23:34');
INSERT INTO depositor VALUES(39,93,'2019-05-12 12:23:34');
INSERT INTO depositor VALUES(40,92,'2019-02-12 12:23:34');
INSERT INTO depositor VALUES(41,91,'2019-11-12 12:23:34');
INSERT INTO depositor VALUES(42,90,'2019-04-12 12:23:34');
INSERT INTO depositor VALUES(43,89,'2019-02-12 12:23:34');
INSERT INTO depositor VALUES(44,88,'2019-01-12 12:23:34');
INSERT INTO depositor VALUES(45,87,'2019-09-12 12:23:34');
INSERT INTO depositor VALUES(46,86,'2019-02-12 12:23:34');
INSERT INTO depositor VALUES(47,85,'2019-12-12 12:23:34');
INSERT INTO depositor VALUES(48,84,'2019-06-12 12:23:34');
INSERT INTO depositor VALUES(49,83,'2019-08-12 12:23:34');
INSERT INTO depositor VALUES(50,82,'2019-05-12 12:23:34');
INSERT INTO depositor VALUES(51,81,'2019-06-12 12:23:34');
INSERT INTO depositor VALUES(52,80,'2019-04-12 12:23:34');
INSERT INTO depositor VALUES(53,79,'2019-12-12 12:23:34');
INSERT INTO depositor VALUES(54,78,'2019-04-12 12:23:34');
INSERT INTO depositor VALUES(55,77,'2019-10-12 12:23:34');
INSERT INTO depositor VALUES(56,76,'2019-06-12 12:23:34');
INSERT INTO depositor VALUES(57,75,'2019-07-12 12:23:34');
INSERT INTO depositor VALUES(58,74,'2019-06-12 12:23:34');
INSERT INTO depositor VALUES(59,73,'2019-06-12 12:23:34');
INSERT INTO depositor VALUES(60,72,'2019-07-12 12:23:34');
INSERT INTO depositor VALUES(61,71,'2019-08-12 12:23:34');
INSERT INTO depositor VALUES(62,70,'2019-09-12 12:23:34');
INSERT INTO depositor VALUES(63,69,'2019-05-12 12:23:34');
INSERT INTO depositor VALUES(64,68,'2019-09-12 12:23:34');
INSERT INTO depositor VALUES(65,67,'2019-12-12 12:23:34');
INSERT INTO depositor VALUES(66,66,'2019-10-12 12:23:34');
INSERT INTO depositor VALUES(67,65,'2019-11-12 12:23:34');
INSERT INTO depositor VALUES(68,64,'2019-08-12 12:23:34');
INSERT INTO depositor VALUES(69,63,'2019-04-12 12:23:34');
INSERT INTO depositor VALUES(70,62,'2019-07-12 12:23:34');
INSERT INTO depositor VALUES(71,61,'2019-09-12 12:23:34');
INSERT INTO depositor VALUES(72,60,'2019-02-12 12:23:34');
INSERT INTO depositor VALUES(73,59,'2019-04-12 12:23:34');
INSERT INTO depositor VALUES(74,58,'2019-02-12 12:23:34');
INSERT INTO depositor VALUES(75,57,'2019-04-12 12:23:34');
INSERT INTO depositor VALUES(76,56,'2019-12-12 12:23:34');
INSERT INTO depositor VALUES(77,55,'2019-06-12 12:23:34');
INSERT INTO depositor VALUES(78,54,'2019-10-12 12:23:34');
INSERT INTO depositor VALUES(79,53,'2019-09-12 12:23:34');
INSERT INTO depositor VALUES(80,52,'2019-12-12 12:23:34');
INSERT INTO depositor VALUES(81,51,'2019-09-12 12:23:34');
INSERT INTO depositor VALUES(82,50,'2019-03-12 12:23:34');
INSERT INTO depositor VALUES(83,49,'2019-03-12 12:23:34');
INSERT INTO depositor VALUES(84,48,'2019-09-12 12:23:34');
INSERT INTO depositor VALUES(85,47,'2019-09-12 12:23:34');
INSERT INTO depositor VALUES(86,46,'2019-10-12 12:23:34');
INSERT INTO depositor VALUES(87,45,'2019-07-12 12:23:34');
INSERT INTO depositor VALUES(88,44,'2019-10-12 12:23:34');
INSERT INTO depositor VALUES(89,43,'2019-08-12 12:23:34');
INSERT INTO depositor VALUES(90,42,'2019-04-12 12:23:34');
INSERT INTO depositor VALUES(91,41,'2019-06-12 12:23:34');
INSERT INTO depositor VALUES(92,40,'2019-03-12 12:23:34');
INSERT INTO depositor VALUES(93,39,'2019-10-12 12:23:34');
INSERT INTO depositor VALUES(94,38,'2019-11-12 12:23:34');
INSERT INTO depositor VALUES(95,37,'2019-09-12 12:23:34');
INSERT INTO depositor VALUES(96,36,'2019-11-12 12:23:34');
INSERT INTO depositor VALUES(97,35,'2019-09-12 12:23:34');
INSERT INTO depositor VALUES(98,34,'2019-05-12 12:23:34');
INSERT INTO depositor VALUES(99,33,'2019-07-12 12:23:34');
INSERT INTO depositor VALUES(100,32,'2019-12-12 12:23:34');
INSERT INTO depositor VALUES(101,31,'2019-02-12 12:23:34');
INSERT INTO depositor VALUES(102,30,'2019-03-12 12:23:34');
INSERT INTO depositor VALUES(103,29,'2019-03-12 12:23:34');
INSERT INTO depositor VALUES(104,28,'2019-09-12 12:23:34');
INSERT INTO depositor VALUES(105,27,'2019-10-12 12:23:34');
INSERT INTO depositor VALUES(106,26,'2019-04-12 12:23:34');
INSERT INTO depositor VALUES(107,25,'2019-06-12 12:23:34');
INSERT INTO depositor VALUES(108,24,'2019-03-12 12:23:34');
INSERT INTO depositor VALUES(109,23,'2019-12-12 12:23:34');
INSERT INTO depositor VALUES(110,22,'2019-01-12 12:23:34');
INSERT INTO depositor VALUES(111,21,'2019-05-12 12:23:34');
INSERT INTO depositor VALUES(112,20,'2019-04-12 12:23:34');
INSERT INTO depositor VALUES(113,19,'2019-07-12 12:23:34');
INSERT INTO depositor VALUES(114,18,'2019-09-12 12:23:34');
INSERT INTO depositor VALUES(115,17,'2019-07-12 12:23:34');
INSERT INTO depositor VALUES(116,16,'2019-01-12 12:23:34');
INSERT INTO depositor VALUES(117,15,'2019-06-12 12:23:34');
INSERT INTO depositor VALUES(118,14,'2019-08-12 12:23:34');
INSERT INTO depositor VALUES(119,13,'2019-11-12 12:23:34');
INSERT INTO depositor VALUES(120,12,'2019-10-12 12:23:34');
INSERT INTO depositor VALUES(121,11,'2019-09-12 12:23:34');
INSERT INTO depositor VALUES(122,10,'2019-02-12 12:23:34');
INSERT INTO depositor VALUES(123,9,'2019-02-12 12:23:34');
INSERT INTO depositor VALUES(124,8,'2019-09-12 12:23:34');
INSERT INTO depositor VALUES(125,7,'2019-11-12 12:23:34');
INSERT INTO depositor VALUES(126,6,'2019-07-12 12:23:34');
INSERT INTO depositor VALUES(127,5,'2019-10-12 12:23:34');
INSERT INTO depositor VALUES(128,4,'2019-04-12 12:23:34');
INSERT INTO depositor VALUES(129,3,'2019-10-12 12:23:34');
INSERT INTO depositor VALUES(130,2,'2019-06-12 12:23:34');
INSERT INTO depositor VALUES(131,1,'2019-03-12 12:23:34');
INSERT INTO depositor VALUES(132,0,'2019-01-12 12:23:34');
INSERT INTO depositor VALUES(133,132,'2019-02-12 12:23:34');
INSERT INTO depositor VALUES(134,131,'2019-07-12 12:23:34');
INSERT INTO depositor VALUES(135,130,'2019-05-12 12:23:34');
INSERT INTO depositor VALUES(136,129,'2019-08-12 12:23:34');
INSERT INTO depositor VALUES(137,128,'2019-05-12 12:23:34');
INSERT INTO depositor VALUES(138,127,'2019-01-12 12:23:34');
INSERT INTO depositor VALUES(139,126,'2019-01-12 12:23:34');
INSERT INTO depositor VALUES(140,125,'2019-12-12 12:23:34');
INSERT INTO depositor VALUES(141,124,'2019-05-12 12:23:34');
INSERT INTO depositor VALUES(142,123,'2019-04-12 12:23:34');
INSERT INTO depositor VALUES(143,122,'2019-06-12 12:23:34');
INSERT INTO depositor VALUES(144,121,'2019-06-12 12:23:34');
INSERT INTO depositor VALUES(145,120,'2019-07-12 12:23:34');
INSERT INTO depositor VALUES(146,119,'2019-05-12 12:23:34');
INSERT INTO depositor VALUES(147,118,'2019-05-12 12:23:34');
INSERT INTO depositor VALUES(148,117,'2019-08-12 12:23:34');
INSERT INTO depositor VALUES(149,116,'2019-11-12 12:23:34');
INSERT INTO depositor VALUES(150,115,'2019-02-12 12:23:34');
INSERT INTO depositor VALUES(151,114,'2019-01-12 12:23:34');
INSERT INTO depositor VALUES(152,113,'2019-02-12 12:23:34');
INSERT INTO depositor VALUES(153,112,'2019-01-12 12:23:34');
INSERT INTO depositor VALUES(154,111,'2019-11-12 12:23:34');
INSERT INTO depositor VALUES(155,110,'2019-11-12 12:23:34');
INSERT INTO depositor VALUES(156,109,'2019-07-12 12:23:34');
INSERT INTO depositor VALUES(157,108,'2019-10-12 12:23:34');
INSERT INTO depositor VALUES(158,107,'2019-07-12 12:23:34');
INSERT INTO depositor VALUES(159,106,'2019-07-12 12:23:34');
INSERT INTO depositor VALUES(160,105,'2019-04-12 12:23:34');
INSERT INTO depositor VALUES(161,104,'2019-07-12 12:23:34');
INSERT INTO depositor VALUES(162,103,'2019-07-12 12:23:34');
INSERT INTO depositor VALUES(163,102,'2019-12-12 12:23:34');
INSERT INTO depositor VALUES(164,101,'2019-08-12 12:23:34');
INSERT INTO depositor VALUES(165,100,'2019-12-12 12:23:34');
INSERT INTO depositor VALUES(166,99,'2019-03-12 12:23:34');
INSERT INTO depositor VALUES(167,98,'2019-12-12 12:23:34');
INSERT INTO depositor VALUES(168,97,'2019-08-12 12:23:34');
INSERT INTO depositor VALUES(169,96,'2019-06-12 12:23:34');
INSERT INTO depositor VALUES(170,95,'2019-03-12 12:23:34');
INSERT INTO depositor VALUES(171,94,'2019-01-12 12:23:34');
INSERT INTO depositor VALUES(172,93,'2019-02-12 12:23:34');
INSERT INTO depositor VALUES(173,92,'2019-01-12 12:23:34');
INSERT INTO depositor VALUES(174,91,'2019-02-12 12:23:34');
INSERT INTO depositor VALUES(175,90,'2019-09-12 12:23:34');
INSERT INTO depositor VALUES(176,89,'2019-04-12 12:23:34');
INSERT INTO depositor VALUES(177,88,'2019-01-12 12:23:34');
INSERT INTO depositor VALUES(178,87,'2019-05-12 12:23:34');
INSERT INTO depositor VALUES(179,86,'2019-07-12 12:23:34');
INSERT INTO depositor VALUES(180,85,'2019-09-12 12:23:34');
INSERT INTO depositor VALUES(181,84,'2019-03-12 12:23:34');
INSERT INTO depositor VALUES(182,83,'2019-10-12 12:23:34');
INSERT INTO depositor VALUES(183,82,'2019-09-12 12:23:34');
INSERT INTO depositor VALUES(184,81,'2019-10-12 12:23:34');
INSERT INTO depositor VALUES(185,80,'2019-06-12 12:23:34');
INSERT INTO depositor VALUES(186,79,'2019-02-12 12:23:34');
INSERT INTO depositor VALUES(187,78,'2019-04-12 12:23:34');
INSERT INTO depositor VALUES(188,77,'2019-08-12 12:23:34');
INSERT INTO depositor VALUES(189,76,'2019-10-12 12:23:34');
INSERT INTO depositor VALUES(190,75,'2019-04-12 12:23:34');
INSERT INTO depositor VALUES(191,74,'2019-11-12 12:23:34');
INSERT INTO depositor VALUES(192,73,'2019-12-12 12:23:34');
INSERT INTO depositor VALUES(193,72,'2019-03-12 12:23:34');
INSERT INTO depositor VALUES(194,71,'2019-10-12 12:23:34');
INSERT INTO depositor VALUES(195,70,'2019-10-12 12:23:34');
INSERT INTO depositor VALUES(196,69,'2019-05-12 12:23:34');
INSERT INTO depositor VALUES(197,68,'2019-10-12 12:23:34');
INSERT INTO depositor VALUES(198,67,'2019-12-12 12:23:34');
INSERT INTO depositor VALUES(199,66,'2019-09-12 12:23:34');
INSERT INTO depositor VALUES(200,65,'2019-02-12 12:23:34');
INSERT INTO depositor VALUES(201,64,'2019-06-12 12:23:34');
INSERT INTO depositor VALUES(202,63,'2019-02-12 12:23:34');
INSERT INTO depositor VALUES(203,62,'2019-09-12 12:23:34');
INSERT INTO depositor VALUES(204,61,'2019-05-12 12:23:34');
INSERT INTO depositor VALUES(205,60,'2019-06-12 12:23:34');
INSERT INTO depositor VALUES(206,59,'2019-05-12 12:23:34');
INSERT INTO depositor VALUES(207,58,'2019-09-12 12:23:34');
INSERT INTO depositor VALUES(208,57,'2019-08-12 12:23:34');
INSERT INTO depositor VALUES(209,56,'2019-07-12 12:23:34');
INSERT INTO depositor VALUES(210,55,'2019-12-12 12:23:34');
INSERT INTO depositor VALUES(211,54,'2019-06-12 12:23:34');
INSERT INTO depositor VALUES(212,53,'2019-11-12 12:23:34');
INSERT INTO depositor VALUES(213,52,'2019-12-12 12:23:34');
INSERT INTO depositor VALUES(214,51,'2019-02-12 12:23:34');
INSERT INTO depositor VALUES(215,50,'2019-12-12 12:23:34');
INSERT INTO depositor VALUES(216,49,'2019-07-12 12:23:34');
INSERT INTO depositor VALUES(217,48,'2019-04-12 12:23:34');
INSERT INTO depositor VALUES(218,47,'2019-07-12 12:23:34');
INSERT INTO depositor VALUES(219,46,'2019-07-12 12:23:34');
INSERT INTO depositor VALUES(220,45,'2019-10-12 12:23:34');
INSERT INTO depositor VALUES(221,44,'2019-12-12 12:23:34');
INSERT INTO depositor VALUES(222,43,'2019-08-12 12:23:34');
INSERT INTO depositor VALUES(223,42,'2019-04-12 12:23:34');
INSERT INTO depositor VALUES(224,41,'2019-01-12 12:23:34');
INSERT INTO depositor VALUES(225,40,'2019-01-12 12:23:34');
INSERT INTO depositor VALUES(226,39,'2019-03-12 12:23:34');
INSERT INTO depositor VALUES(227,38,'2019-02-12 12:23:34');
INSERT INTO depositor VALUES(228,37,'2019-04-12 12:23:34');
INSERT INTO depositor VALUES(229,36,'2019-07-12 12:23:34');
INSERT INTO depositor VALUES(230,35,'2019-09-12 12:23:34');
INSERT INTO depositor VALUES(231,34,'2019-11-12 12:23:34');
INSERT INTO depositor VALUES(232,33,'2019-04-12 12:23:34');
INSERT INTO depositor VALUES(233,32,'2019-11-12 12:23:34');
INSERT INTO depositor VALUES(234,31,'2019-09-12 12:23:34');
INSERT INTO depositor VALUES(235,30,'2019-12-12 12:23:34');
INSERT INTO depositor VALUES(236,29,'2019-12-12 12:23:34');
INSERT INTO depositor VALUES(237,28,'2019-07-12 12:23:34');
INSERT INTO depositor VALUES(238,27,'2019-07-12 12:23:34');
INSERT INTO depositor VALUES(239,26,'2019-09-12 12:23:34');
INSERT INTO depositor VALUES(240,25,'2019-05-12 12:23:34');
INSERT INTO depositor VALUES(241,24,'2019-03-12 12:23:34');
INSERT INTO depositor VALUES(242,23,'2019-03-12 12:23:34');
INSERT INTO depositor VALUES(243,22,'2019-04-12 12:23:34');
INSERT INTO depositor VALUES(244,21,'2019-08-12 12:23:34');
INSERT INTO depositor VALUES(245,20,'2019-04-12 12:23:34');
INSERT INTO depositor VALUES(246,19,'2019-08-12 12:23:34');
INSERT INTO depositor VALUES(247,18,'2019-04-12 12:23:34');
INSERT INTO depositor VALUES(248,17,'2019-03-12 12:23:34');
INSERT INTO depositor VALUES(249,16,'2019-10-12 12:23:34');
INSERT INTO depositor VALUES(250,15,'2019-05-12 12:23:34');
INSERT INTO depositor VALUES(251,14,'2019-06-12 12:23:34');
INSERT INTO depositor VALUES(252,13,'2019-07-12 12:23:34');
INSERT INTO depositor VALUES(253,12,'2019-05-12 12:23:34');
INSERT INTO depositor VALUES(254,11,'2019-10-12 12:23:34');
INSERT INTO depositor VALUES(255,10,'2019-06-12 12:23:34');
INSERT INTO depositor VALUES(256,9,'2019-03-12 12:23:34');
INSERT INTO depositor VALUES(257,8,'2019-12-12 12:23:34');
INSERT INTO depositor VALUES(258,7,'2019-11-12 12:23:34');
INSERT INTO depositor VALUES(259,6,'2019-02-12 12:23:34');
INSERT INTO depositor VALUES(260,5,'2019-09-12 12:23:34');
INSERT INTO depositor VALUES(261,4,'2019-11-12 12:23:34');
INSERT INTO depositor VALUES(262,3,'2019-12-12 12:23:34');
INSERT INTO depositor VALUES(263,2,'2019-10-12 12:23:34');
INSERT INTO depositor VALUES(264,1,'2019-07-12 12:23:34');
INSERT INTO depositor VALUES(265,0,'2019-01-12 12:23:34');
CREATE TABLE IF NOT EXISTS "responsible" 
(
   "employee_id"        integer               not null,
   "customer_id"        integer               not null,
   "type"               text,
   constraint PK_RESPONSIBLE primary key ("employee_id", "customer_id"),
   constraint FK_RESPONSI_RESPONSIB_EMPLOYEE foreign key ("employee_id")
      references "Employee" ("employee_id"),
   constraint FK_RESPONSI_RESPONSIB_CUSTOMER foreign key ("customer_id")
      references "Customer" ("customer_id")
   
);
INSERT INTO responsible VALUES(6,0,'A');
INSERT INTO responsible VALUES(12,1,'A');
INSERT INTO responsible VALUES(8,2,'B');
INSERT INTO responsible VALUES(12,3,'A');
INSERT INTO responsible VALUES(6,4,'A');
INSERT INTO responsible VALUES(2,5,'B');
INSERT INTO responsible VALUES(11,6,'B');
INSERT INTO responsible VALUES(11,7,'B');
INSERT INTO responsible VALUES(1,8,'A');
INSERT INTO responsible VALUES(2,9,'A');
INSERT INTO responsible VALUES(3,10,'B');
INSERT INTO responsible VALUES(11,11,'A');
INSERT INTO responsible VALUES(10,12,'A');
INSERT INTO responsible VALUES(3,13,'B');
INSERT INTO responsible VALUES(0,14,'B');
INSERT INTO responsible VALUES(0,15,'A');
INSERT INTO responsible VALUES(8,16,'A');
INSERT INTO responsible VALUES(10,17,'A');
INSERT INTO responsible VALUES(1,18,'A');
INSERT INTO responsible VALUES(12,19,'B');
INSERT INTO responsible VALUES(2,20,'B');
INSERT INTO responsible VALUES(0,21,'A');
INSERT INTO responsible VALUES(7,22,'A');
INSERT INTO responsible VALUES(0,23,'B');
INSERT INTO responsible VALUES(3,24,'B');
INSERT INTO responsible VALUES(9,25,'A');
INSERT INTO responsible VALUES(6,26,'A');
INSERT INTO responsible VALUES(11,27,'A');
INSERT INTO responsible VALUES(11,28,'A');
INSERT INTO responsible VALUES(7,29,'B');
INSERT INTO responsible VALUES(7,30,'B');
INSERT INTO responsible VALUES(1,31,'A');
INSERT INTO responsible VALUES(1,32,'B');
INSERT INTO responsible VALUES(3,33,'A');
INSERT INTO responsible VALUES(3,34,'A');
INSERT INTO responsible VALUES(11,35,'B');
INSERT INTO responsible VALUES(12,36,'A');
INSERT INTO responsible VALUES(5,37,'B');
INSERT INTO responsible VALUES(8,38,'A');
INSERT INTO responsible VALUES(0,39,'A');
INSERT INTO responsible VALUES(4,40,'A');
INSERT INTO responsible VALUES(2,41,'B');
INSERT INTO responsible VALUES(9,42,'A');
INSERT INTO responsible VALUES(7,43,'A');
INSERT INTO responsible VALUES(3,44,'A');
INSERT INTO responsible VALUES(8,45,'B');
INSERT INTO responsible VALUES(4,46,'A');
INSERT INTO responsible VALUES(3,47,'B');
INSERT INTO responsible VALUES(4,48,'A');
INSERT INTO responsible VALUES(6,49,'B');
INSERT INTO responsible VALUES(12,50,'B');
INSERT INTO responsible VALUES(0,51,'A');
INSERT INTO responsible VALUES(2,52,'B');
INSERT INTO responsible VALUES(0,53,'B');
INSERT INTO responsible VALUES(3,54,'B');
INSERT INTO responsible VALUES(10,55,'A');
INSERT INTO responsible VALUES(6,56,'B');
INSERT INTO responsible VALUES(12,57,'B');
INSERT INTO responsible VALUES(5,58,'B');
INSERT INTO responsible VALUES(3,59,'B');
INSERT INTO responsible VALUES(1,60,'B');
INSERT INTO responsible VALUES(0,61,'A');
INSERT INTO responsible VALUES(12,62,'B');
INSERT INTO responsible VALUES(2,63,'A');
INSERT INTO responsible VALUES(9,64,'B');
INSERT INTO responsible VALUES(0,65,'A');
INSERT INTO responsible VALUES(0,66,'B');
INSERT INTO responsible VALUES(5,67,'A');
INSERT INTO responsible VALUES(7,68,'B');
INSERT INTO responsible VALUES(4,69,'B');
INSERT INTO responsible VALUES(10,70,'A');
INSERT INTO responsible VALUES(11,71,'A');
INSERT INTO responsible VALUES(9,72,'B');
INSERT INTO responsible VALUES(0,73,'B');
INSERT INTO responsible VALUES(3,74,'B');
INSERT INTO responsible VALUES(8,75,'B');
INSERT INTO responsible VALUES(1,76,'A');
INSERT INTO responsible VALUES(8,77,'B');
INSERT INTO responsible VALUES(12,78,'B');
INSERT INTO responsible VALUES(2,79,'A');
INSERT INTO responsible VALUES(7,80,'A');
INSERT INTO responsible VALUES(7,81,'A');
INSERT INTO responsible VALUES(4,82,'B');
INSERT INTO responsible VALUES(1,83,'A');
INSERT INTO responsible VALUES(2,84,'B');
INSERT INTO responsible VALUES(1,85,'B');
INSERT INTO responsible VALUES(6,86,'B');
INSERT INTO responsible VALUES(0,87,'A');
INSERT INTO responsible VALUES(9,88,'A');
INSERT INTO responsible VALUES(10,89,'A');
INSERT INTO responsible VALUES(8,90,'B');
INSERT INTO responsible VALUES(5,91,'A');
INSERT INTO responsible VALUES(4,92,'B');
INSERT INTO responsible VALUES(9,93,'A');
INSERT INTO responsible VALUES(9,94,'A');
INSERT INTO responsible VALUES(4,95,'A');
INSERT INTO responsible VALUES(9,96,'A');
INSERT INTO responsible VALUES(4,97,'B');
INSERT INTO responsible VALUES(6,98,'A');
INSERT INTO responsible VALUES(2,99,'A');
INSERT INTO responsible VALUES(0,100,'A');
INSERT INTO responsible VALUES(6,101,'B');
INSERT INTO responsible VALUES(2,102,'B');
INSERT INTO responsible VALUES(7,103,'B');
INSERT INTO responsible VALUES(11,104,'A');
INSERT INTO responsible VALUES(10,105,'B');
INSERT INTO responsible VALUES(1,106,'A');
INSERT INTO responsible VALUES(3,107,'B');
INSERT INTO responsible VALUES(3,108,'B');
INSERT INTO responsible VALUES(2,109,'B');
INSERT INTO responsible VALUES(7,110,'B');
INSERT INTO responsible VALUES(5,111,'B');
INSERT INTO responsible VALUES(1,112,'B');
INSERT INTO responsible VALUES(8,113,'B');
INSERT INTO responsible VALUES(11,114,'B');
INSERT INTO responsible VALUES(9,115,'B');
INSERT INTO responsible VALUES(10,116,'A');
INSERT INTO responsible VALUES(5,117,'A');
INSERT INTO responsible VALUES(0,118,'A');
INSERT INTO responsible VALUES(4,119,'B');
INSERT INTO responsible VALUES(12,120,'A');
INSERT INTO responsible VALUES(7,121,'A');
INSERT INTO responsible VALUES(4,122,'B');
INSERT INTO responsible VALUES(2,123,'B');
INSERT INTO responsible VALUES(8,124,'A');
INSERT INTO responsible VALUES(2,125,'A');
INSERT INTO responsible VALUES(9,126,'A');
INSERT INTO responsible VALUES(6,127,'A');
INSERT INTO responsible VALUES(10,128,'A');
INSERT INTO responsible VALUES(8,129,'B');
INSERT INTO responsible VALUES(11,130,'A');
INSERT INTO responsible VALUES(3,131,'A');
INSERT INTO responsible VALUES(11,132,'A');
CREATE TRIGGER insert_saving after insert on saving_account
begin
insert into account("Account_id","branch_name")
	values (new.Account_id,new.branch_name);
end;
CREATE TRIGGER insert_check after insert on check_account
begin
insert into account("Account_id","branch_name")
	values (new.Account_id,new.branch_name);
end;
CREATE TRIGGER delete_saving after delete on saving_account
begin
delete from account 
	where Account_id=old.Account_id;
end;
CREATE TRIGGER delete_check after delete on check_account
begin
delete from account 
	where Account_id=old.Account_id;
end;
CREATE TRIGGER add_payment after insert on payment
begin
update loan 
   set total=total+new.amount
   where loan_id=new.loan_id;
end;
COMMIT;
